country,forecast_origin,true_values,predictions,forecast_dates
Brazil,2022-07-18,"[38697.0, 57999.0, 56480.0, 51432.99999999999, 49799.0, 0.0, 35830.0]","[49546.09375, 54108.31640625, 57585.1875, 59075.4296875, 58234.6796875, 60545.6015625, 68676.78125]","[Timestamp('2022-07-18 00:00:00'), Timestamp('2022-07-19 00:00:00'), Timestamp('2022-07-20 00:00:00'), Timestamp('2022-07-21 00:00:00'), Timestamp('2022-07-22 00:00:00'), Timestamp('2022-07-23 00:00:00'), Timestamp('2022-07-24 00:00:00')]"
Brazil,2022-07-19,"[57999.0, 56480.0, 51432.99999999999, 49799.0, 0.0, 35830.0, 30609.0]","[47368.08203125, 51451.8359375, 55411.00390625, 55358.171875, 55135.68359375, 57514.32421875, 64755.11328125]","[Timestamp('2022-07-19 00:00:00'), Timestamp('2022-07-20 00:00:00'), Timestamp('2022-07-21 00:00:00'), Timestamp('2022-07-22 00:00:00'), Timestamp('2022-07-23 00:00:00'), Timestamp('2022-07-24 00:00:00'), Timestamp('2022-07-25 00:00:00')]"
Brazil,2022-07-20,"[56480.0, 51432.99999999999, 49799.0, 0.0, 35830.0, 30609.0, 37913.99999999999]","[45885.33984375, 47217.8671875, 51408.60546875, 49169.953125, 49874.97265625, 53010.57421875, 60431.51171875]","[Timestamp('2022-07-20 00:00:00'), Timestamp('2022-07-21 00:00:00'), Timestamp('2022-07-22 00:00:00'), Timestamp('2022-07-23 00:00:00'), Timestamp('2022-07-24 00:00:00'), Timestamp('2022-07-25 00:00:00'), Timestamp('2022-07-26 00:00:00')]"
Brazil,2022-07-21,"[51432.99999999999, 49799.0, 0.0, 35830.0, 30609.0, 37913.99999999999, 44514.0]","[45859.94921875, 47440.41015625, 51583.13671875, 49550.11328125, 51164.4453125, 54263.97265625, 61453.4296875]","[Timestamp('2022-07-21 00:00:00'), Timestamp('2022-07-22 00:00:00'), Timestamp('2022-07-23 00:00:00'), Timestamp('2022-07-24 00:00:00'), Timestamp('2022-07-25 00:00:00'), Timestamp('2022-07-26 00:00:00'), Timestamp('2022-07-27 00:00:00')]"
Brazil,2022-07-22,"[49799.0, 0.0, 35830.0, 30609.0, 37913.99999999999, 44514.0, 44592.0]","[45706.64453125, 47148.2265625, 50295.203125, 50471.99609375, 51813.71875, 55231.7421875, 62987.40234375]","[Timestamp('2022-07-22 00:00:00'), Timestamp('2022-07-23 00:00:00'), Timestamp('2022-07-24 00:00:00'), Timestamp('2022-07-25 00:00:00'), Timestamp('2022-07-26 00:00:00'), Timestamp('2022-07-27 00:00:00'), Timestamp('2022-07-28 00:00:00')]"
Brazil,2022-07-23,"[0.0, 35830.0, 30609.0, 37913.99999999999, 44514.0, 44592.0, 41713.0]","[45741.8125, 47739.18359375, 51713.39453125, 50648.984375, 52430.24609375, 55494.42578125, 62152.25]","[Timestamp('2022-07-23 00:00:00'), Timestamp('2022-07-24 00:00:00'), Timestamp('2022-07-25 00:00:00'), Timestamp('2022-07-26 00:00:00'), Timestamp('2022-07-27 00:00:00'), Timestamp('2022-07-28 00:00:00'), Timestamp('2022-07-29 00:00:00')]"
Brazil,2022-07-24,"[35830.0, 30609.0, 37913.99999999999, 44514.0, 44592.0, 41713.0, 22889.0]","[45416.09375, 47397.0546875, 51133.66796875, 50549.1640625, 51532.390625, 54791.14453125, 61526.69921875]","[Timestamp('2022-07-24 00:00:00'), Timestamp('2022-07-25 00:00:00'), Timestamp('2022-07-26 00:00:00'), Timestamp('2022-07-27 00:00:00'), Timestamp('2022-07-28 00:00:00'), Timestamp('2022-07-29 00:00:00'), Timestamp('2022-07-30 00:00:00')]"
Brazil,2022-07-25,"[30609.0, 37913.99999999999, 44514.0, 44592.0, 41713.0, 22889.0, 20313.0]","[46079.51171875, 47289.26953125, 52769.625, 48682.921875, 50708.34375, 54107.2109375, 60149.05078125]","[Timestamp('2022-07-25 00:00:00'), Timestamp('2022-07-26 00:00:00'), Timestamp('2022-07-27 00:00:00'), Timestamp('2022-07-28 00:00:00'), Timestamp('2022-07-29 00:00:00'), Timestamp('2022-07-30 00:00:00'), Timestamp('2022-07-31 00:00:00')]"
Brazil,2022-07-26,"[37913.99999999999, 44514.0, 44592.0, 41713.0, 22889.0, 20313.0, 22064.0]","[41964.671875, 42503.0234375, 47186.984375, 42779.9453125, 45001.578125, 48496.28125, 55078.6015625]","[Timestamp('2022-07-26 00:00:00'), Timestamp('2022-07-27 00:00:00'), Timestamp('2022-07-28 00:00:00'), Timestamp('2022-07-29 00:00:00'), Timestamp('2022-07-30 00:00:00'), Timestamp('2022-07-31 00:00:00'), Timestamp('2022-08-01 00:00:00')]"
Brazil,2022-07-27,"[44514.0, 44592.0, 41713.0, 22889.0, 20313.0, 22064.0, 34464.0]","[42164.25, 42642.4453125, 47264.3046875, 41664.8125, 44825.77734375, 47900.96875, 54688.08984375]","[Timestamp('2022-07-27 00:00:00'), Timestamp('2022-07-28 00:00:00'), Timestamp('2022-07-29 00:00:00'), Timestamp('2022-07-30 00:00:00'), Timestamp('2022-07-31 00:00:00'), Timestamp('2022-08-01 00:00:00'), Timestamp('2022-08-02 00:00:00')]"
Brazil,2022-07-28,"[44592.0, 41713.0, 22889.0, 20313.0, 22064.0, 34464.0, 33633.0]","[38135.38671875, 39253.32421875, 42233.96875, 39250.1796875, 41616.3125, 44588.11328125, 51484.38671875]","[Timestamp('2022-07-28 00:00:00'), Timestamp('2022-07-29 00:00:00'), Timestamp('2022-07-30 00:00:00'), Timestamp('2022-07-31 00:00:00'), Timestamp('2022-08-01 00:00:00'), Timestamp('2022-08-02 00:00:00'), Timestamp('2022-08-03 00:00:00')]"
Brazil,2022-07-29,"[41713.0, 22889.0, 20313.0, 22064.0, 34464.0, 33633.0, 40433.00000000001]","[36711.40625, 38307.24609375, 40862.24609375, 38339.88671875, 40469.63671875, 43146.84375, 49492.8828125]","[Timestamp('2022-07-29 00:00:00'), Timestamp('2022-07-30 00:00:00'), Timestamp('2022-07-31 00:00:00'), Timestamp('2022-08-01 00:00:00'), Timestamp('2022-08-02 00:00:00'), Timestamp('2022-08-03 00:00:00'), Timestamp('2022-08-04 00:00:00')]"
Brazil,2022-07-30,"[22889.0, 20313.0, 22064.0, 34464.0, 33633.0, 40433.00000000001, 29976.0]","[33707.22265625, 35710.68359375, 37541.92578125, 36906.71484375, 39408.40625, 40975.546875, 47405.79296875]","[Timestamp('2022-07-30 00:00:00'), Timestamp('2022-07-31 00:00:00'), Timestamp('2022-08-01 00:00:00'), Timestamp('2022-08-02 00:00:00'), Timestamp('2022-08-03 00:00:00'), Timestamp('2022-08-04 00:00:00'), Timestamp('2022-08-05 00:00:00')]"
Brazil,2022-07-31,"[20313.0, 22064.0, 34464.0, 33633.0, 40433.00000000001, 29976.0, 16703.0]","[34770.76171875, 36707.09375, 39262.98828125, 37487.953125, 39976.99609375, 41128.0703125, 47673.0234375]","[Timestamp('2022-07-31 00:00:00'), Timestamp('2022-08-01 00:00:00'), Timestamp('2022-08-02 00:00:00'), Timestamp('2022-08-03 00:00:00'), Timestamp('2022-08-04 00:00:00'), Timestamp('2022-08-05 00:00:00'), Timestamp('2022-08-06 00:00:00')]"
Brazil,2022-08-01,"[22064.0, 34464.0, 33633.0, 40433.00000000001, 29976.0, 16703.0, 7198.0]","[33801.0234375, 35876.8125, 38440.984375, 36452.98046875, 38962.03125, 39839.1484375, 46428.8984375]","[Timestamp('2022-08-01 00:00:00'), Timestamp('2022-08-02 00:00:00'), Timestamp('2022-08-03 00:00:00'), Timestamp('2022-08-04 00:00:00'), Timestamp('2022-08-05 00:00:00'), Timestamp('2022-08-06 00:00:00'), Timestamp('2022-08-07 00:00:00')]"
Brazil,2022-08-02,"[34464.0, 33633.0, 40433.00000000001, 29976.0, 16703.0, 7198.0, 17409.0]","[31692.927734375, 33909.953125, 36292.6484375, 34270.4375, 37139.65625, 37634.85546875, 43760.2578125]","[Timestamp('2022-08-02 00:00:00'), Timestamp('2022-08-03 00:00:00'), Timestamp('2022-08-04 00:00:00'), Timestamp('2022-08-05 00:00:00'), Timestamp('2022-08-06 00:00:00'), Timestamp('2022-08-07 00:00:00'), Timestamp('2022-08-08 00:00:00')]"
Brazil,2022-08-03,"[33633.0, 40433.00000000001, 29976.0, 16703.0, 7198.0, 17409.0, 30220.000000000004]","[28351.701171875, 30310.53125, 32675.6953125, 30704.259765625, 33914.5234375, 34189.4140625, 40430.84765625]","[Timestamp('2022-08-03 00:00:00'), Timestamp('2022-08-04 00:00:00'), Timestamp('2022-08-05 00:00:00'), Timestamp('2022-08-06 00:00:00'), Timestamp('2022-08-07 00:00:00'), Timestamp('2022-08-08 00:00:00'), Timestamp('2022-08-09 00:00:00')]"
Brazil,2022-08-04,"[40433.00000000001, 29976.0, 16703.0, 7198.0, 17409.0, 30220.000000000004, 0.0]","[27971.236328125, 29721.6953125, 31572.15234375, 28468.412109375, 31696.966796875, 31478.9140625, 37645.57421875]","[Timestamp('2022-08-04 00:00:00'), Timestamp('2022-08-05 00:00:00'), Timestamp('2022-08-06 00:00:00'), Timestamp('2022-08-07 00:00:00'), Timestamp('2022-08-08 00:00:00'), Timestamp('2022-08-09 00:00:00'), Timestamp('2022-08-10 00:00:00')]"
Brazil,2022-08-05,"[29976.0, 16703.0, 7198.0, 17409.0, 30220.000000000004, 0.0, 58579.0]","[25032.287109375, 27278.021484375, 28681.607421875, 27016.76953125, 28994.373046875, 29141.978515625, 34953.046875]","[Timestamp('2022-08-05 00:00:00'), Timestamp('2022-08-06 00:00:00'), Timestamp('2022-08-07 00:00:00'), Timestamp('2022-08-08 00:00:00'), Timestamp('2022-08-09 00:00:00'), Timestamp('2022-08-10 00:00:00'), Timestamp('2022-08-11 00:00:00')]"
Brazil,2022-08-06,"[16703.0, 7198.0, 17409.0, 30220.000000000004, 0.0, 58579.0, 23552.0]","[24676.41015625, 27012.935546875, 28117.90625, 26262.837890625, 28152.013671875, 27967.58984375, 33436.8828125]","[Timestamp('2022-08-06 00:00:00'), Timestamp('2022-08-07 00:00:00'), Timestamp('2022-08-08 00:00:00'), Timestamp('2022-08-09 00:00:00'), Timestamp('2022-08-10 00:00:00'), Timestamp('2022-08-11 00:00:00'), Timestamp('2022-08-12 00:00:00')]"
Brazil,2022-08-07,"[7198.0, 17409.0, 30220.000000000004, 0.0, 58579.0, 23552.0, 0.0]","[23309.666015625, 26000.857421875, 27611.1953125, 26531.24609375, 27022.185546875, 27187.181640625, 31854.880859375]","[Timestamp('2022-08-07 00:00:00'), Timestamp('2022-08-08 00:00:00'), Timestamp('2022-08-09 00:00:00'), Timestamp('2022-08-10 00:00:00'), Timestamp('2022-08-11 00:00:00'), Timestamp('2022-08-12 00:00:00'), Timestamp('2022-08-13 00:00:00')]"
Brazil,2022-08-08,"[17409.0, 30220.000000000004, 0.0, 58579.0, 23552.0, 0.0, 0.0]","[21326.1953125, 23927.970703125, 25537.103515625, 23962.658203125, 25005.54296875, 24360.767578125, 28657.673828125]","[Timestamp('2022-08-08 00:00:00'), Timestamp('2022-08-09 00:00:00'), Timestamp('2022-08-10 00:00:00'), Timestamp('2022-08-11 00:00:00'), Timestamp('2022-08-12 00:00:00'), Timestamp('2022-08-13 00:00:00'), Timestamp('2022-08-14 00:00:00')]"
Brazil,2022-08-09,"[30220.000000000004, 0.0, 58579.0, 23552.0, 0.0, 0.0, 30109.0]","[19079.0, 21202.67578125, 23392.431640625, 22039.330078125, 23012.810546875, 22996.6875, 26247.54296875]","[Timestamp('2022-08-09 00:00:00'), Timestamp('2022-08-10 00:00:00'), Timestamp('2022-08-11 00:00:00'), Timestamp('2022-08-12 00:00:00'), Timestamp('2022-08-13 00:00:00'), Timestamp('2022-08-14 00:00:00'), Timestamp('2022-08-15 00:00:00')]"
Brazil,2022-08-10,"[0.0, 58579.0, 23552.0, 0.0, 0.0, 30109.0, 23040.0]","[17856.478515625, 19260.125, 21578.396484375, 20039.880859375, 21279.546875, 21077.87890625, 25198.228515625]","[Timestamp('2022-08-10 00:00:00'), Timestamp('2022-08-11 00:00:00'), Timestamp('2022-08-12 00:00:00'), Timestamp('2022-08-13 00:00:00'), Timestamp('2022-08-14 00:00:00'), Timestamp('2022-08-15 00:00:00'), Timestamp('2022-08-16 00:00:00')]"
Brazil,2022-08-11,"[58579.0, 23552.0, 0.0, 0.0, 30109.0, 23040.0, 21927.0]","[17210.62109375, 18389.80078125, 19721.96484375, 17548.3828125, 19104.017578125, 19071.50390625, 22833.48828125]","[Timestamp('2022-08-11 00:00:00'), Timestamp('2022-08-12 00:00:00'), Timestamp('2022-08-13 00:00:00'), Timestamp('2022-08-14 00:00:00'), Timestamp('2022-08-15 00:00:00'), Timestamp('2022-08-16 00:00:00'), Timestamp('2022-08-17 00:00:00')]"
Brazil,2022-08-12,"[23552.0, 0.0, 0.0, 30109.0, 23040.0, 21927.0, 22167.0]","[15058.9521484375, 15700.794921875, 17563.83984375, 15695.966796875, 16798.400390625, 16780.595703125, 20743.33984375]","[Timestamp('2022-08-12 00:00:00'), Timestamp('2022-08-13 00:00:00'), Timestamp('2022-08-14 00:00:00'), Timestamp('2022-08-15 00:00:00'), Timestamp('2022-08-16 00:00:00'), Timestamp('2022-08-17 00:00:00'), Timestamp('2022-08-18 00:00:00')]"
Brazil,2022-08-13,"[0.0, 0.0, 30109.0, 23040.0, 21927.0, 22167.0, 18863.0]","[14028.8994140625, 15127.4375, 15935.3837890625, 14433.2255859375, 16215.169921875, 16413.072265625, 20057.083984375]","[Timestamp('2022-08-13 00:00:00'), Timestamp('2022-08-14 00:00:00'), Timestamp('2022-08-15 00:00:00'), Timestamp('2022-08-16 00:00:00'), Timestamp('2022-08-17 00:00:00'), Timestamp('2022-08-18 00:00:00'), Timestamp('2022-08-19 00:00:00')]"
Brazil,2022-08-14,"[0.0, 30109.0, 23040.0, 21927.0, 22167.0, 18863.0, 0.0]","[13773.2275390625, 15309.4599609375, 16467.51953125, 16002.8798828125, 17019.890625, 16766.83984375, 20859.53125]","[Timestamp('2022-08-14 00:00:00'), Timestamp('2022-08-15 00:00:00'), Timestamp('2022-08-16 00:00:00'), Timestamp('2022-08-17 00:00:00'), Timestamp('2022-08-18 00:00:00'), Timestamp('2022-08-19 00:00:00'), Timestamp('2022-08-20 00:00:00')]"
Brazil,2022-08-15,"[30109.0, 23040.0, 21927.0, 22167.0, 18863.0, 0.0, 0.0]","[12053.2587890625, 13204.263671875, 14916.1376953125, 13231.853515625, 15558.8232421875, 14836.509765625, 17309.634765625]","[Timestamp('2022-08-15 00:00:00'), Timestamp('2022-08-16 00:00:00'), Timestamp('2022-08-17 00:00:00'), Timestamp('2022-08-18 00:00:00'), Timestamp('2022-08-19 00:00:00'), Timestamp('2022-08-20 00:00:00'), Timestamp('2022-08-21 00:00:00')]"
Brazil,2022-08-16,"[23040.0, 21927.0, 22167.0, 18863.0, 0.0, 0.0, 20627.0]","[10841.341796875, 11551.0732421875, 13438.8515625, 12291.84375, 13974.6220703125, 13568.1396484375, 16333.783203125]","[Timestamp('2022-08-16 00:00:00'), Timestamp('2022-08-17 00:00:00'), Timestamp('2022-08-18 00:00:00'), Timestamp('2022-08-19 00:00:00'), Timestamp('2022-08-20 00:00:00'), Timestamp('2022-08-21 00:00:00'), Timestamp('2022-08-22 00:00:00')]"
Brazil,2022-08-17,"[21927.0, 22167.0, 18863.0, 0.0, 0.0, 20627.0, 0.0]","[10342.1669921875, 10781.390625, 12622.8134765625, 10303.966796875, 13160.3544921875, 13629.4873046875, 15882.5888671875]","[Timestamp('2022-08-17 00:00:00'), Timestamp('2022-08-18 00:00:00'), Timestamp('2022-08-19 00:00:00'), Timestamp('2022-08-20 00:00:00'), Timestamp('2022-08-21 00:00:00'), Timestamp('2022-08-22 00:00:00'), Timestamp('2022-08-23 00:00:00')]"
Brazil,2022-08-18,"[22167.0, 18863.0, 0.0, 0.0, 20627.0, 0.0, 44736.0]","[11990.9521484375, 12727.958984375, 13572.111328125, 13022.673828125, 15799.9580078125, 15344.8662109375, 19628.99609375]","[Timestamp('2022-08-18 00:00:00'), Timestamp('2022-08-19 00:00:00'), Timestamp('2022-08-20 00:00:00'), Timestamp('2022-08-21 00:00:00'), Timestamp('2022-08-22 00:00:00'), Timestamp('2022-08-23 00:00:00'), Timestamp('2022-08-24 00:00:00')]"
Brazil,2022-08-19,"[18863.0, 0.0, 0.0, 20627.0, 0.0, 44736.0, 21039.0]","[11756.5439453125, 12501.2353515625, 12773.91796875, 11426.583984375, 14280.6162109375, 14695.650390625, 18810.8515625]","[Timestamp('2022-08-19 00:00:00'), Timestamp('2022-08-20 00:00:00'), Timestamp('2022-08-21 00:00:00'), Timestamp('2022-08-22 00:00:00'), Timestamp('2022-08-23 00:00:00'), Timestamp('2022-08-24 00:00:00'), Timestamp('2022-08-25 00:00:00')]"
Brazil,2022-08-20,"[0.0, 0.0, 20627.0, 0.0, 44736.0, 21039.0, 18270.0]","[13092.3291015625, 13881.32421875, 14217.138671875, 13271.90234375, 16083.080078125, 15469.6875, 20980.01171875]","[Timestamp('2022-08-20 00:00:00'), Timestamp('2022-08-21 00:00:00'), Timestamp('2022-08-22 00:00:00'), Timestamp('2022-08-23 00:00:00'), Timestamp('2022-08-24 00:00:00'), Timestamp('2022-08-25 00:00:00'), Timestamp('2022-08-26 00:00:00')]"
Brazil,2022-08-21,"[0.0, 20627.0, 0.0, 44736.0, 21039.0, 18270.0, 0.0]","[12782.955078125, 13764.380859375, 13883.802734375, 11943.341796875, 14939.8603515625, 14458.4658203125, 20330.708984375]","[Timestamp('2022-08-21 00:00:00'), Timestamp('2022-08-22 00:00:00'), Timestamp('2022-08-23 00:00:00'), Timestamp('2022-08-24 00:00:00'), Timestamp('2022-08-25 00:00:00'), Timestamp('2022-08-26 00:00:00'), Timestamp('2022-08-27 00:00:00')]"
Brazil,2022-08-22,"[20627.0, 0.0, 44736.0, 21039.0, 18270.0, 0.0, 0.0]","[12984.8251953125, 13294.4833984375, 13959.8095703125, 11726.6943359375, 15330.9638671875, 13756.994140625, 20150.244140625]","[Timestamp('2022-08-22 00:00:00'), Timestamp('2022-08-23 00:00:00'), Timestamp('2022-08-24 00:00:00'), Timestamp('2022-08-25 00:00:00'), Timestamp('2022-08-26 00:00:00'), Timestamp('2022-08-27 00:00:00'), Timestamp('2022-08-28 00:00:00')]"
Brazil,2022-08-23,"[0.0, 44736.0, 21039.0, 18270.0, 0.0, 0.0, 28295.999999999996]","[11978.943359375, 12420.16015625, 13111.8310546875, 10132.314453125, 14192.80859375, 13016.5166015625, 19090.349609375]","[Timestamp('2022-08-23 00:00:00'), Timestamp('2022-08-24 00:00:00'), Timestamp('2022-08-25 00:00:00'), Timestamp('2022-08-26 00:00:00'), Timestamp('2022-08-27 00:00:00'), Timestamp('2022-08-28 00:00:00'), Timestamp('2022-08-29 00:00:00')]"
Brazil,2022-08-24,"[44736.0, 21039.0, 18270.0, 0.0, 0.0, 28295.999999999996, 16806.0]","[12867.5634765625, 12865.7783203125, 13451.3291015625, 10986.548828125, 15343.05859375, 14018.88671875, 20985.275390625]","[Timestamp('2022-08-24 00:00:00'), Timestamp('2022-08-25 00:00:00'), Timestamp('2022-08-26 00:00:00'), Timestamp('2022-08-27 00:00:00'), Timestamp('2022-08-28 00:00:00'), Timestamp('2022-08-29 00:00:00'), Timestamp('2022-08-30 00:00:00')]"
Brazil,2022-08-25,"[21039.0, 18270.0, 0.0, 0.0, 28295.999999999996, 16806.0, 15842.0]","[12758.6875, 11675.71875, 13206.1044921875, 8756.9931640625, 13356.59765625, 12151.6982421875, 18744.1953125]","[Timestamp('2022-08-25 00:00:00'), Timestamp('2022-08-26 00:00:00'), Timestamp('2022-08-27 00:00:00'), Timestamp('2022-08-28 00:00:00'), Timestamp('2022-08-29 00:00:00'), Timestamp('2022-08-30 00:00:00'), Timestamp('2022-08-31 00:00:00')]"
Brazil,2022-08-26,"[18270.0, 0.0, 0.0, 28295.999999999996, 16806.0, 15842.0, 0.0]","[12685.876953125, 12462.533203125, 12157.9677734375, 9862.158203125, 14532.181640625, 13751.3310546875, 20387.42578125]","[Timestamp('2022-08-26 00:00:00'), Timestamp('2022-08-27 00:00:00'), Timestamp('2022-08-28 00:00:00'), Timestamp('2022-08-29 00:00:00'), Timestamp('2022-08-30 00:00:00'), Timestamp('2022-08-31 00:00:00'), Timestamp('2022-09-01 00:00:00')]"
Brazil,2022-08-27,"[0.0, 0.0, 28295.999999999996, 16806.0, 15842.0, 0.0, 26292.000000000004]","[13329.3818359375, 13059.5400390625, 13741.1591796875, 10393.255859375, 14956.068359375, 13626.3515625, 20835.560546875]","[Timestamp('2022-08-27 00:00:00'), Timestamp('2022-08-28 00:00:00'), Timestamp('2022-08-29 00:00:00'), Timestamp('2022-08-30 00:00:00'), Timestamp('2022-08-31 00:00:00'), Timestamp('2022-09-01 00:00:00'), Timestamp('2022-09-02 00:00:00')]"
Brazil,2022-08-28,"[0.0, 28295.999999999996, 16806.0, 15842.0, 0.0, 26292.000000000004, 0.0]","[14377.4853515625, 15066.5126953125, 15293.4482421875, 12795.44921875, 17002.626953125, 15249.232421875, 22417.55078125]","[Timestamp('2022-08-28 00:00:00'), Timestamp('2022-08-29 00:00:00'), Timestamp('2022-08-30 00:00:00'), Timestamp('2022-08-31 00:00:00'), Timestamp('2022-09-01 00:00:00'), Timestamp('2022-09-02 00:00:00'), Timestamp('2022-09-03 00:00:00')]"
Brazil,2022-08-29,"[28295.999999999996, 16806.0, 15842.0, 0.0, 26292.000000000004, 0.0, 0.0]","[12140.208984375, 12272.9501953125, 12872.9052734375, 9762.3994140625, 13684.4150390625, 12231.5478515625, 18892.990234375]","[Timestamp('2022-08-29 00:00:00'), Timestamp('2022-08-30 00:00:00'), Timestamp('2022-08-31 00:00:00'), Timestamp('2022-09-01 00:00:00'), Timestamp('2022-09-02 00:00:00'), Timestamp('2022-09-03 00:00:00'), Timestamp('2022-09-04 00:00:00')]"
Brazil,2022-08-30,"[16806.0, 15842.0, 0.0, 26292.000000000004, 0.0, 0.0, 21394.0]","[11541.1396484375, 12088.796875, 12724.908203125, 10060.1455078125, 14192.8642578125, 12601.52734375, 18771.453125]","[Timestamp('2022-08-30 00:00:00'), Timestamp('2022-08-31 00:00:00'), Timestamp('2022-09-01 00:00:00'), Timestamp('2022-09-02 00:00:00'), Timestamp('2022-09-03 00:00:00'), Timestamp('2022-09-04 00:00:00'), Timestamp('2022-09-05 00:00:00')]"
Brazil,2022-08-31,"[15842.0, 0.0, 26292.000000000004, 0.0, 0.0, 21394.0, 0.0]","[10688.30859375, 10258.5830078125, 11042.857421875, 8150.4462890625, 12060.693359375, 11333.9658203125, 17707.04296875]","[Timestamp('2022-08-31 00:00:00'), Timestamp('2022-09-01 00:00:00'), Timestamp('2022-09-02 00:00:00'), Timestamp('2022-09-03 00:00:00'), Timestamp('2022-09-04 00:00:00'), Timestamp('2022-09-05 00:00:00'), Timestamp('2022-09-06 00:00:00')]"
Brazil,2022-09-01,"[0.0, 26292.000000000004, 0.0, 0.0, 21394.0, 0.0, 0.0]","[12652.6298828125, 12924.662109375, 12805.9453125, 10235.7724609375, 14216.884765625, 13079.9443359375, 19561.73046875]","[Timestamp('2022-09-01 00:00:00'), Timestamp('2022-09-02 00:00:00'), Timestamp('2022-09-03 00:00:00'), Timestamp('2022-09-04 00:00:00'), Timestamp('2022-09-05 00:00:00'), Timestamp('2022-09-06 00:00:00'), Timestamp('2022-09-07 00:00:00')]"
Brazil,2022-09-02,"[26292.000000000004, 0.0, 0.0, 21394.0, 0.0, 0.0, 0.0]","[11047.5224609375, 10333.169921875, 11172.708984375, 8702.341796875, 11886.5498046875, 11076.0947265625, 16312.99609375]","[Timestamp('2022-09-02 00:00:00'), Timestamp('2022-09-03 00:00:00'), Timestamp('2022-09-04 00:00:00'), Timestamp('2022-09-05 00:00:00'), Timestamp('2022-09-06 00:00:00'), Timestamp('2022-09-07 00:00:00'), Timestamp('2022-09-08 00:00:00')]"
Brazil,2022-09-03,"[0.0, 0.0, 21394.0, 0.0, 0.0, 0.0, 39200.0]","[11581.294921875, 10868.482421875, 12448.9619140625, 8756.9541015625, 12802.73828125, 11536.2958984375, 16003.2568359375]","[Timestamp('2022-09-03 00:00:00'), Timestamp('2022-09-04 00:00:00'), Timestamp('2022-09-05 00:00:00'), Timestamp('2022-09-06 00:00:00'), Timestamp('2022-09-07 00:00:00'), Timestamp('2022-09-08 00:00:00'), Timestamp('2022-09-09 00:00:00')]"
Brazil,2022-09-04,"[0.0, 21394.0, 0.0, 0.0, 0.0, 39200.0, 0.0]","[9581.91015625, 8973.6630859375, 9940.7138671875, 7068.27294921875, 10082.9345703125, 9515.5537109375, 13369.9365234375]","[Timestamp('2022-09-04 00:00:00'), Timestamp('2022-09-05 00:00:00'), Timestamp('2022-09-06 00:00:00'), Timestamp('2022-09-07 00:00:00'), Timestamp('2022-09-08 00:00:00'), Timestamp('2022-09-09 00:00:00'), Timestamp('2022-09-10 00:00:00')]"
Brazil,2022-09-05,"[21394.0, 0.0, 0.0, 0.0, 39200.0, 0.0, 0.0]","[8824.8251953125, 8135.62841796875, 10451.171875, 6868.1552734375, 9937.7880859375, 8786.37109375, 11883.1396484375]","[Timestamp('2022-09-05 00:00:00'), Timestamp('2022-09-06 00:00:00'), Timestamp('2022-09-07 00:00:00'), Timestamp('2022-09-08 00:00:00'), Timestamp('2022-09-09 00:00:00'), Timestamp('2022-09-10 00:00:00'), Timestamp('2022-09-11 00:00:00')]"
Brazil,2022-09-06,"[0.0, 0.0, 0.0, 39200.0, 0.0, 0.0, 17218.0]","[7639.93994140625, 6586.056640625, 8803.3017578125, 6322.4560546875, 8914.5302734375, 8485.66015625, 10843.42578125]","[Timestamp('2022-09-06 00:00:00'), Timestamp('2022-09-07 00:00:00'), Timestamp('2022-09-08 00:00:00'), Timestamp('2022-09-09 00:00:00'), Timestamp('2022-09-10 00:00:00'), Timestamp('2022-09-11 00:00:00'), Timestamp('2022-09-12 00:00:00')]"
Brazil,2022-09-07,"[0.0, 0.0, 39200.0, 0.0, 0.0, 17218.0, 10420.0]","[7961.7314453125, 7241.46826171875, 9773.0419921875, 7116.546875, 9589.6171875, 9377.8798828125, 12502.8916015625]","[Timestamp('2022-09-07 00:00:00'), Timestamp('2022-09-08 00:00:00'), Timestamp('2022-09-09 00:00:00'), Timestamp('2022-09-10 00:00:00'), Timestamp('2022-09-11 00:00:00'), Timestamp('2022-09-12 00:00:00'), Timestamp('2022-09-13 00:00:00')]"
Brazil,2022-09-08,"[0.0, 39200.0, 0.0, 0.0, 17218.0, 10420.0, 14525.0]","[6615.84375, 5078.98486328125, 8086.654296875, 5245.98193359375, 8420.0615234375, 7854.63818359375, 9148.302734375]","[Timestamp('2022-09-08 00:00:00'), Timestamp('2022-09-09 00:00:00'), Timestamp('2022-09-10 00:00:00'), Timestamp('2022-09-11 00:00:00'), Timestamp('2022-09-12 00:00:00'), Timestamp('2022-09-13 00:00:00'), Timestamp('2022-09-14 00:00:00')]"
Brazil,2022-09-09,"[39200.0, 0.0, 0.0, 17218.0, 10420.0, 14525.0, 9931.0]","[3500.45703125, 4197.3759765625, 4983.75634765625, 5820.9873046875, 9470.2119140625, 8022.85693359375, 9277.6220703125]","[Timestamp('2022-09-09 00:00:00'), Timestamp('2022-09-10 00:00:00'), Timestamp('2022-09-11 00:00:00'), Timestamp('2022-09-12 00:00:00'), Timestamp('2022-09-13 00:00:00'), Timestamp('2022-09-14 00:00:00'), Timestamp('2022-09-15 00:00:00')]"
Brazil,2022-09-10,"[0.0, 0.0, 17218.0, 10420.0, 14525.0, 9931.0, 0.0]","[4431.93798828125, 1986.0133056640625, 5173.78662109375, 5721.82470703125, 14414.6416015625, 13295.5556640625, 13876.576171875]","[Timestamp('2022-09-10 00:00:00'), Timestamp('2022-09-11 00:00:00'), Timestamp('2022-09-12 00:00:00'), Timestamp('2022-09-13 00:00:00'), Timestamp('2022-09-14 00:00:00'), Timestamp('2022-09-15 00:00:00'), Timestamp('2022-09-16 00:00:00')]"
Brazil,2022-09-11,"[0.0, 17218.0, 10420.0, 14525.0, 9931.0, 0.0, 0.0]","[3809.36669921875, 7042.86279296875, 9537.4306640625, 7117.09033203125, 15386.43359375, 13099.2646484375, 15958.8291015625]","[Timestamp('2022-09-11 00:00:00'), Timestamp('2022-09-12 00:00:00'), Timestamp('2022-09-13 00:00:00'), Timestamp('2022-09-14 00:00:00'), Timestamp('2022-09-15 00:00:00'), Timestamp('2022-09-16 00:00:00'), Timestamp('2022-09-17 00:00:00')]"
Brazil,2022-09-12,"[17218.0, 10420.0, 14525.0, 9931.0, 0.0, 0.0, 0.0]","[5567.30810546875, 5051.33056640625, 7058.28759765625, 7857.5439453125, 13857.7509765625, 13714.876953125, 15379.857421875]","[Timestamp('2022-09-12 00:00:00'), Timestamp('2022-09-13 00:00:00'), Timestamp('2022-09-14 00:00:00'), Timestamp('2022-09-15 00:00:00'), Timestamp('2022-09-16 00:00:00'), Timestamp('2022-09-17 00:00:00'), Timestamp('2022-09-18 00:00:00')]"
Brazil,2022-09-13,"[10420.0, 14525.0, 9931.0, 0.0, 0.0, 0.0, 23330.0]","[4919.97119140625, 7679.896484375, 9133.2548828125, 8045.2529296875, 14478.8271484375, 13281.462890625, 16283.787109375]","[Timestamp('2022-09-13 00:00:00'), Timestamp('2022-09-14 00:00:00'), Timestamp('2022-09-15 00:00:00'), Timestamp('2022-09-16 00:00:00'), Timestamp('2022-09-17 00:00:00'), Timestamp('2022-09-18 00:00:00'), Timestamp('2022-09-19 00:00:00')]"
Brazil,2022-09-14,"[14525.0, 9931.0, 0.0, 0.0, 0.0, 23330.0, 0.0]","[6371.099609375, 5516.81640625, 7910.572265625, 7772.80126953125, 12800.0263671875, 13145.3701171875, 15598.1005859375]","[Timestamp('2022-09-14 00:00:00'), Timestamp('2022-09-15 00:00:00'), Timestamp('2022-09-16 00:00:00'), Timestamp('2022-09-17 00:00:00'), Timestamp('2022-09-18 00:00:00'), Timestamp('2022-09-19 00:00:00'), Timestamp('2022-09-20 00:00:00')]"
Brazil,2022-09-15,"[9931.0, 0.0, 0.0, 0.0, 23330.0, 0.0, 0.0]","[7466.8349609375, 8757.5302734375, 9668.69140625, 7379.97900390625, 13028.1240234375, 12322.0859375, 16020.095703125]","[Timestamp('2022-09-15 00:00:00'), Timestamp('2022-09-16 00:00:00'), Timestamp('2022-09-17 00:00:00'), Timestamp('2022-09-18 00:00:00'), Timestamp('2022-09-19 00:00:00'), Timestamp('2022-09-20 00:00:00'), Timestamp('2022-09-21 00:00:00')]"
Brazil,2022-09-16,"[0.0, 0.0, 0.0, 23330.0, 0.0, 0.0, 24628.0]","[7724.4560546875, 6546.43701171875, 8713.5517578125, 8163.216796875, 11095.6337890625, 12062.8515625, 14136.4501953125]","[Timestamp('2022-09-16 00:00:00'), Timestamp('2022-09-17 00:00:00'), Timestamp('2022-09-18 00:00:00'), Timestamp('2022-09-19 00:00:00'), Timestamp('2022-09-20 00:00:00'), Timestamp('2022-09-21 00:00:00'), Timestamp('2022-09-22 00:00:00')]"
Brazil,2022-09-17,"[0.0, 0.0, 23330.0, 0.0, 0.0, 24628.0, 7772.0]","[8042.83251953125, 8832.0849609375, 9481.931640625, 7244.94482421875, 11377.1552734375, 11520.869140625, 14851.720703125]","[Timestamp('2022-09-17 00:00:00'), Timestamp('2022-09-18 00:00:00'), Timestamp('2022-09-19 00:00:00'), Timestamp('2022-09-20 00:00:00'), Timestamp('2022-09-21 00:00:00'), Timestamp('2022-09-22 00:00:00'), Timestamp('2022-09-23 00:00:00')]"
Brazil,2022-09-18,"[0.0, 23330.0, 0.0, 0.0, 24628.0, 7772.0, 0.0]","[7640.693359375, 6272.12158203125, 9033.9873046875, 7038.7490234375, 9473.0615234375, 10302.7177734375, 12216.2490234375]","[Timestamp('2022-09-18 00:00:00'), Timestamp('2022-09-19 00:00:00'), Timestamp('2022-09-20 00:00:00'), Timestamp('2022-09-21 00:00:00'), Timestamp('2022-09-22 00:00:00'), Timestamp('2022-09-23 00:00:00'), Timestamp('2022-09-24 00:00:00')]"
Brazil,2022-09-19,"[23330.0, 0.0, 0.0, 24628.0, 7772.0, 0.0, 0.0]","[6189.15625, 6197.61181640625, 7399.326171875, 4611.0, 8230.9951171875, 8480.9404296875, 10943.255859375]","[Timestamp('2022-09-19 00:00:00'), Timestamp('2022-09-20 00:00:00'), Timestamp('2022-09-21 00:00:00'), Timestamp('2022-09-22 00:00:00'), Timestamp('2022-09-23 00:00:00'), Timestamp('2022-09-24 00:00:00'), Timestamp('2022-09-25 00:00:00')]"
Brazil,2022-09-20,"[0.0, 0.0, 24628.0, 7772.0, 0.0, 0.0, 13861.0]","[6352.63818359375, 4510.35302734375, 7769.06591796875, 5153.0068359375, 8065.3837890625, 8960.0244140625, 10156.18359375]","[Timestamp('2022-09-20 00:00:00'), Timestamp('2022-09-21 00:00:00'), Timestamp('2022-09-22 00:00:00'), Timestamp('2022-09-23 00:00:00'), Timestamp('2022-09-24 00:00:00'), Timestamp('2022-09-25 00:00:00'), Timestamp('2022-09-26 00:00:00')]"
Brazil,2022-09-21,"[0.0, 24628.0, 7772.0, 0.0, 0.0, 13861.0, 0.0]","[5258.27880859375, 5239.86328125, 6507.77490234375, 4329.693359375, 6953.53271484375, 8443.25390625, 10169.095703125]","[Timestamp('2022-09-21 00:00:00'), Timestamp('2022-09-22 00:00:00'), Timestamp('2022-09-23 00:00:00'), Timestamp('2022-09-24 00:00:00'), Timestamp('2022-09-25 00:00:00'), Timestamp('2022-09-26 00:00:00'), Timestamp('2022-09-27 00:00:00')]"
Brazil,2022-09-22,"[24628.0, 7772.0, 0.0, 0.0, 13861.0, 0.0, 15902.0]","[4372.90234375, 3072.67529296875, 5176.3525390625, 2888.810791015625, 5626.548828125, 6500.27392578125, 7961.18310546875]","[Timestamp('2022-09-22 00:00:00'), Timestamp('2022-09-23 00:00:00'), Timestamp('2022-09-24 00:00:00'), Timestamp('2022-09-25 00:00:00'), Timestamp('2022-09-26 00:00:00'), Timestamp('2022-09-27 00:00:00'), Timestamp('2022-09-28 00:00:00')]"
Brazil,2022-09-23,"[7772.0, 0.0, 0.0, 13861.0, 0.0, 15902.0, 0.0]","[4058.169189453125, 3077.0205078125, 4692.98974609375, 2296.673095703125, 5168.25048828125, 6126.5693359375, 7135.3876953125]","[Timestamp('2022-09-23 00:00:00'), Timestamp('2022-09-24 00:00:00'), Timestamp('2022-09-25 00:00:00'), Timestamp('2022-09-26 00:00:00'), Timestamp('2022-09-27 00:00:00'), Timestamp('2022-09-28 00:00:00'), Timestamp('2022-09-29 00:00:00')]"
Brazil,2022-09-24,"[0.0, 0.0, 13861.0, 0.0, 15902.0, 0.0, 18334.0]","[4056.919921875, 2750.935302734375, 4191.6015625, 1520.0697021484375, 4795.44482421875, 5456.8154296875, 6819.21044921875]","[Timestamp('2022-09-24 00:00:00'), Timestamp('2022-09-25 00:00:00'), Timestamp('2022-09-26 00:00:00'), Timestamp('2022-09-27 00:00:00'), Timestamp('2022-09-28 00:00:00'), Timestamp('2022-09-29 00:00:00'), Timestamp('2022-09-30 00:00:00')]"
Brazil,2022-09-25,"[0.0, 13861.0, 0.0, 15902.0, 0.0, 18334.0, 0.0]","[3689.535400390625, 3237.723388671875, 4760.35498046875, 2570.391357421875, 5263.48583984375, 5829.39892578125, 6812.95458984375]","[Timestamp('2022-09-25 00:00:00'), Timestamp('2022-09-26 00:00:00'), Timestamp('2022-09-27 00:00:00'), Timestamp('2022-09-28 00:00:00'), Timestamp('2022-09-29 00:00:00'), Timestamp('2022-09-30 00:00:00'), Timestamp('2022-10-01 00:00:00')]"
Brazil,2022-09-26,"[13861.0, 0.0, 15902.0, 0.0, 18334.0, 0.0, 0.0]","[3157.25244140625, 2152.64892578125, 3877.788818359375, 1396.4664306640625, 4805.50244140625, 4901.1591796875, 5680.603515625]","[Timestamp('2022-09-26 00:00:00'), Timestamp('2022-09-27 00:00:00'), Timestamp('2022-09-28 00:00:00'), Timestamp('2022-09-29 00:00:00'), Timestamp('2022-09-30 00:00:00'), Timestamp('2022-10-01 00:00:00'), Timestamp('2022-10-02 00:00:00')]"
Brazil,2022-09-27,"[0.0, 15902.0, 0.0, 18334.0, 0.0, 0.0, 12005.0]","[2769.267333984375, 1976.067138671875, 3965.837646484375, 1897.0089111328125, 5133.71826171875, 5379.1669921875, 5952.220703125]","[Timestamp('2022-09-27 00:00:00'), Timestamp('2022-09-28 00:00:00'), Timestamp('2022-09-29 00:00:00'), Timestamp('2022-09-30 00:00:00'), Timestamp('2022-10-01 00:00:00'), Timestamp('2022-10-02 00:00:00'), Timestamp('2022-10-03 00:00:00')]"
Brazil,2022-09-28,"[15902.0, 0.0, 18334.0, 0.0, 0.0, 12005.0, 0.0]","[3262.997802734375, 2383.328369140625, 4349.8779296875, 2088.921875, 5709.49462890625, 5962.69580078125, 7731.3701171875]","[Timestamp('2022-09-28 00:00:00'), Timestamp('2022-09-29 00:00:00'), Timestamp('2022-09-30 00:00:00'), Timestamp('2022-10-01 00:00:00'), Timestamp('2022-10-02 00:00:00'), Timestamp('2022-10-03 00:00:00'), Timestamp('2022-10-04 00:00:00')]"
Brazil,2022-09-29,"[0.0, 18334.0, 0.0, 0.0, 12005.0, 0.0, 14488.0]","[4361.27685546875, 3115.416748046875, 5104.19921875, 2284.078125, 5704.14697265625, 6153.7724609375, 7776.6552734375]","[Timestamp('2022-09-29 00:00:00'), Timestamp('2022-09-30 00:00:00'), Timestamp('2022-10-01 00:00:00'), Timestamp('2022-10-02 00:00:00'), Timestamp('2022-10-03 00:00:00'), Timestamp('2022-10-04 00:00:00'), Timestamp('2022-10-05 00:00:00')]"
Brazil,2022-09-30,"[18334.0, 0.0, 0.0, 12005.0, 0.0, 14488.0, 8216.0]","[4409.6640625, 3110.4853515625, 4545.94482421875, 2018.35498046875, 5263.38134765625, 5873.01953125, 7746.6240234375]","[Timestamp('2022-09-30 00:00:00'), Timestamp('2022-10-01 00:00:00'), Timestamp('2022-10-02 00:00:00'), Timestamp('2022-10-03 00:00:00'), Timestamp('2022-10-04 00:00:00'), Timestamp('2022-10-05 00:00:00'), Timestamp('2022-10-06 00:00:00')]"
Brazil,2022-10-01,"[0.0, 0.0, 12005.0, 0.0, 14488.0, 8216.0, 0.0]","[5002.94873046875, 3451.869384765625, 5421.47705078125, 2373.12548828125, 5425.849609375, 6171.3798828125, 7668.72314453125]","[Timestamp('2022-10-01 00:00:00'), Timestamp('2022-10-02 00:00:00'), Timestamp('2022-10-03 00:00:00'), Timestamp('2022-10-04 00:00:00'), Timestamp('2022-10-05 00:00:00'), Timestamp('2022-10-06 00:00:00'), Timestamp('2022-10-07 00:00:00')]"
Brazil,2022-10-02,"[0.0, 12005.0, 0.0, 14488.0, 8216.0, 0.0, 0.0]","[4833.1962890625, 3970.16259765625, 5255.67578125, 3011.851318359375, 5986.462890625, 6428.44921875, 8241.34765625]","[Timestamp('2022-10-02 00:00:00'), Timestamp('2022-10-03 00:00:00'), Timestamp('2022-10-04 00:00:00'), Timestamp('2022-10-05 00:00:00'), Timestamp('2022-10-06 00:00:00'), Timestamp('2022-10-07 00:00:00'), Timestamp('2022-10-08 00:00:00')]"
Brazil,2022-10-03,"[12005.0, 0.0, 14488.0, 8216.0, 0.0, 0.0, 0.0]","[4228.09130859375, 3071.23974609375, 5438.00341796875, 2709.424072265625, 6099.8251953125, 5982.8876953125, 7075.49658203125]","[Timestamp('2022-10-03 00:00:00'), Timestamp('2022-10-04 00:00:00'), Timestamp('2022-10-05 00:00:00'), Timestamp('2022-10-06 00:00:00'), Timestamp('2022-10-07 00:00:00'), Timestamp('2022-10-08 00:00:00'), Timestamp('2022-10-09 00:00:00')]"
Brazil,2022-10-04,"[0.0, 14488.0, 8216.0, 0.0, 0.0, 0.0, 16956.0]","[5166.53173828125, 3826.095703125, 6380.634765625, 3447.380859375, 8107.130859375, 7217.16796875, 8568.34375]","[Timestamp('2022-10-04 00:00:00'), Timestamp('2022-10-05 00:00:00'), Timestamp('2022-10-06 00:00:00'), Timestamp('2022-10-07 00:00:00'), Timestamp('2022-10-08 00:00:00'), Timestamp('2022-10-09 00:00:00'), Timestamp('2022-10-10 00:00:00')]"
Brazil,2022-10-05,"[14488.0, 8216.0, 0.0, 0.0, 0.0, 16956.0, 7350.0]","[4211.2197265625, 3471.179931640625, 5320.73193359375, 2449.93505859375, 6425.42529296875, 6381.53369140625, 7238.98974609375]","[Timestamp('2022-10-05 00:00:00'), Timestamp('2022-10-06 00:00:00'), Timestamp('2022-10-07 00:00:00'), Timestamp('2022-10-08 00:00:00'), Timestamp('2022-10-09 00:00:00'), Timestamp('2022-10-10 00:00:00'), Timestamp('2022-10-11 00:00:00')]"
Brazil,2022-10-06,"[8216.0, 0.0, 0.0, 0.0, 16956.0, 7350.0, 0.0]","[5324.70361328125, 4502.51806640625, 6655.60888671875, 3144.19189453125, 7453.0263671875, 7325.54931640625, 9082.232421875]","[Timestamp('2022-10-06 00:00:00'), Timestamp('2022-10-07 00:00:00'), Timestamp('2022-10-08 00:00:00'), Timestamp('2022-10-09 00:00:00'), Timestamp('2022-10-10 00:00:00'), Timestamp('2022-10-11 00:00:00'), Timestamp('2022-10-12 00:00:00')]"
Brazil,2022-10-07,"[0.0, 0.0, 0.0, 16956.0, 7350.0, 0.0, 8326.0]","[4208.7783203125, 3421.635009765625, 5097.3681640625, 2570.87255859375, 5962.71826171875, 6357.9248046875, 7143.9326171875]","[Timestamp('2022-10-07 00:00:00'), Timestamp('2022-10-08 00:00:00'), Timestamp('2022-10-09 00:00:00'), Timestamp('2022-10-10 00:00:00'), Timestamp('2022-10-11 00:00:00'), Timestamp('2022-10-12 00:00:00'), Timestamp('2022-10-13 00:00:00')]"
Brazil,2022-10-08,"[0.0, 0.0, 16956.0, 7350.0, 0.0, 8326.0, 6597.0]","[5125.9189453125, 4189.3212890625, 6200.27587890625, 3204.78271484375, 6762.958984375, 6941.03857421875, 8320.0888671875]","[Timestamp('2022-10-08 00:00:00'), Timestamp('2022-10-09 00:00:00'), Timestamp('2022-10-10 00:00:00'), Timestamp('2022-10-11 00:00:00'), Timestamp('2022-10-12 00:00:00'), Timestamp('2022-10-13 00:00:00'), Timestamp('2022-10-14 00:00:00')]"
Brazil,2022-10-09,"[0.0, 16956.0, 7350.0, 0.0, 8326.0, 6597.0, 0.0]","[4090.16650390625, 2569.445556640625, 5160.97216796875, 2244.89453125, 5573.5712890625, 5533.6103515625, 5994.1767578125]","[Timestamp('2022-10-09 00:00:00'), Timestamp('2022-10-10 00:00:00'), Timestamp('2022-10-11 00:00:00'), Timestamp('2022-10-12 00:00:00'), Timestamp('2022-10-13 00:00:00'), Timestamp('2022-10-14 00:00:00'), Timestamp('2022-10-15 00:00:00')]"
Brazil,2022-10-10,"[16956.0, 7350.0, 0.0, 8326.0, 6597.0, 0.0, 0.0]","[3114.035888671875, 1480.4239501953125, 4035.1005859375, 1148.7572021484375, 5249.078125, 4623.32470703125, 4857.33251953125]","[Timestamp('2022-10-10 00:00:00'), Timestamp('2022-10-11 00:00:00'), Timestamp('2022-10-12 00:00:00'), Timestamp('2022-10-13 00:00:00'), Timestamp('2022-10-14 00:00:00'), Timestamp('2022-10-15 00:00:00'), Timestamp('2022-10-16 00:00:00')]"
Brazil,2022-10-11,"[7350.0, 0.0, 8326.0, 6597.0, 0.0, 0.0, 0.0]","[2816.529296875, 384.1367492675781, 2748.422119140625, 606.7548217773438, 4922.06982421875, 4293.21337890625, 3849.557861328125]","[Timestamp('2022-10-11 00:00:00'), Timestamp('2022-10-12 00:00:00'), Timestamp('2022-10-13 00:00:00'), Timestamp('2022-10-14 00:00:00'), Timestamp('2022-10-15 00:00:00'), Timestamp('2022-10-16 00:00:00'), Timestamp('2022-10-17 00:00:00')]"
Brazil,2022-10-12,"[0.0, 8326.0, 6597.0, 0.0, 0.0, 0.0, 0.0]","[3168.565673828125, 1424.9400634765625, 4212.2626953125, 1773.08251953125, 6047.8369140625, 5655.83349609375, 6238.93798828125]","[Timestamp('2022-10-12 00:00:00'), Timestamp('2022-10-13 00:00:00'), Timestamp('2022-10-14 00:00:00'), Timestamp('2022-10-15 00:00:00'), Timestamp('2022-10-16 00:00:00'), Timestamp('2022-10-17 00:00:00'), Timestamp('2022-10-18 00:00:00')]"
Brazil,2022-10-13,"[8326.0, 6597.0, 0.0, 0.0, 0.0, 0.0, 24858.0]","[3122.19775390625, 1017.5653686523438, 3233.126953125, 2237.40869140625, 6141.19775390625, 6023.986328125, 5120.150390625]","[Timestamp('2022-10-13 00:00:00'), Timestamp('2022-10-14 00:00:00'), Timestamp('2022-10-15 00:00:00'), Timestamp('2022-10-16 00:00:00'), Timestamp('2022-10-17 00:00:00'), Timestamp('2022-10-18 00:00:00'), Timestamp('2022-10-19 00:00:00')]"
Brazil,2022-10-14,"[6597.0, 0.0, 0.0, 0.0, 0.0, 24858.0, 0.0]","[501.911376953125, 934.7096557617188, 1565.8389892578125, 4354.7353515625, 9109.171875, 7935.22998046875, 7515.7841796875]","[Timestamp('2022-10-14 00:00:00'), Timestamp('2022-10-15 00:00:00'), Timestamp('2022-10-16 00:00:00'), Timestamp('2022-10-17 00:00:00'), Timestamp('2022-10-18 00:00:00'), Timestamp('2022-10-19 00:00:00'), Timestamp('2022-10-20 00:00:00')]"
Brazil,2022-10-15,"[0.0, 0.0, 0.0, 0.0, 24858.0, 0.0, 9142.000000000002]","[972.1616821289062, -630.9463500976562, 2174.752197265625, 5025.4091796875, 13492.298828125, 13197.6982421875, 11594.0888671875]","[Timestamp('2022-10-15 00:00:00'), Timestamp('2022-10-16 00:00:00'), Timestamp('2022-10-17 00:00:00'), Timestamp('2022-10-18 00:00:00'), Timestamp('2022-10-19 00:00:00'), Timestamp('2022-10-20 00:00:00'), Timestamp('2022-10-21 00:00:00')]"
Brazil,2022-10-16,"[0.0, 0.0, 0.0, 24858.0, 0.0, 9142.000000000002, 0.0]","[1986.8447265625, 3182.30810546875, 6451.43212890625, 4569.01171875, 13287.70703125, 11463.1103515625, 12955.0380859375]","[Timestamp('2022-10-16 00:00:00'), Timestamp('2022-10-17 00:00:00'), Timestamp('2022-10-18 00:00:00'), Timestamp('2022-10-19 00:00:00'), Timestamp('2022-10-20 00:00:00'), Timestamp('2022-10-21 00:00:00'), Timestamp('2022-10-22 00:00:00')]"
Brazil,2022-10-17,"[0.0, 0.0, 24858.0, 0.0, 9142.000000000002, 0.0, 0.0]","[3310.8525390625, 1526.7724609375, 3480.07373046875, 5627.3583984375, 11628.0693359375, 12384.5107421875, 11899.5048828125]","[Timestamp('2022-10-17 00:00:00'), Timestamp('2022-10-18 00:00:00'), Timestamp('2022-10-19 00:00:00'), Timestamp('2022-10-20 00:00:00'), Timestamp('2022-10-21 00:00:00'), Timestamp('2022-10-22 00:00:00'), Timestamp('2022-10-23 00:00:00')]"
Brazil,2022-10-18,"[0.0, 24858.0, 0.0, 9142.000000000002, 0.0, 0.0, 3324.0]","[3732.05859375, 4075.64697265625, 5798.13720703125, 4788.3564453125, 12037.8857421875, 11652.4267578125, 13488.8291015625]","[Timestamp('2022-10-18 00:00:00'), Timestamp('2022-10-19 00:00:00'), Timestamp('2022-10-20 00:00:00'), Timestamp('2022-10-21 00:00:00'), Timestamp('2022-10-22 00:00:00'), Timestamp('2022-10-23 00:00:00'), Timestamp('2022-10-24 00:00:00')]"
Brazil,2022-10-19,"[24858.0, 0.0, 9142.000000000002, 0.0, 0.0, 3324.0, 15538.0]","[4062.189208984375, 2312.06396484375, 4550.75439453125, 6178.9921875, 11426.7744140625, 12759.3486328125, 12246.4814453125]","[Timestamp('2022-10-19 00:00:00'), Timestamp('2022-10-20 00:00:00'), Timestamp('2022-10-21 00:00:00'), Timestamp('2022-10-22 00:00:00'), Timestamp('2022-10-23 00:00:00'), Timestamp('2022-10-24 00:00:00'), Timestamp('2022-10-25 00:00:00')]"
Brazil,2022-10-20,"[0.0, 9142.000000000002, 0.0, 0.0, 3324.0, 15538.0, 7751.0]","[4506.21044921875, 4210.4951171875, 5682.48974609375, 5206.8818359375, 11689.857421875, 12240.482421875, 13726.046875]","[Timestamp('2022-10-20 00:00:00'), Timestamp('2022-10-21 00:00:00'), Timestamp('2022-10-22 00:00:00'), Timestamp('2022-10-23 00:00:00'), Timestamp('2022-10-24 00:00:00'), Timestamp('2022-10-25 00:00:00'), Timestamp('2022-10-26 00:00:00')]"
Brazil,2022-10-21,"[9142.000000000002, 0.0, 0.0, 3324.0, 15538.0, 7751.0, 8183.0]","[5527.81884765625, 4233.88134765625, 6135.517578125, 7072.57080078125, 12554.4599609375, 14127.9609375, 13953.37109375]","[Timestamp('2022-10-21 00:00:00'), Timestamp('2022-10-22 00:00:00'), Timestamp('2022-10-23 00:00:00'), Timestamp('2022-10-24 00:00:00'), Timestamp('2022-10-25 00:00:00'), Timestamp('2022-10-26 00:00:00'), Timestamp('2022-10-27 00:00:00')]"
Brazil,2022-10-22,"[0.0, 0.0, 3324.0, 15538.0, 7751.0, 8183.0, 0.0]","[5616.3076171875, 5932.0126953125, 7862.35400390625, 7359.25634765625, 13109.6943359375, 14057.6923828125, 15564.8583984375]","[Timestamp('2022-10-22 00:00:00'), Timestamp('2022-10-23 00:00:00'), Timestamp('2022-10-24 00:00:00'), Timestamp('2022-10-25 00:00:00'), Timestamp('2022-10-26 00:00:00'), Timestamp('2022-10-27 00:00:00'), Timestamp('2022-10-28 00:00:00')]"
Brazil,2022-10-23,"[0.0, 3324.0, 15538.0, 7751.0, 8183.0, 0.0, 0.0]","[6449.8583984375, 5739.9072265625, 8572.939453125, 8420.70703125, 13383.7783203125, 14730.4990234375, 14866.1279296875]","[Timestamp('2022-10-23 00:00:00'), Timestamp('2022-10-24 00:00:00'), Timestamp('2022-10-25 00:00:00'), Timestamp('2022-10-26 00:00:00'), Timestamp('2022-10-27 00:00:00'), Timestamp('2022-10-28 00:00:00'), Timestamp('2022-10-29 00:00:00')]"
Brazil,2022-10-24,"[3324.0, 15538.0, 7751.0, 8183.0, 0.0, 0.0, 0.0]","[5691.10400390625, 6188.20068359375, 7934.70361328125, 7340.7783203125, 12593.8486328125, 13787.640625, 15014.8583984375]","[Timestamp('2022-10-24 00:00:00'), Timestamp('2022-10-25 00:00:00'), Timestamp('2022-10-26 00:00:00'), Timestamp('2022-10-27 00:00:00'), Timestamp('2022-10-28 00:00:00'), Timestamp('2022-10-29 00:00:00'), Timestamp('2022-10-30 00:00:00')]"
Brazil,2022-10-25,"[15538.0, 7751.0, 8183.0, 0.0, 0.0, 0.0, 13491.0]","[6854.31494140625, 5804.13037109375, 8923.9814453125, 8035.015625, 13122.474609375, 14498.4609375, 14731.9560546875]","[Timestamp('2022-10-25 00:00:00'), Timestamp('2022-10-26 00:00:00'), Timestamp('2022-10-27 00:00:00'), Timestamp('2022-10-28 00:00:00'), Timestamp('2022-10-29 00:00:00'), Timestamp('2022-10-30 00:00:00'), Timestamp('2022-10-31 00:00:00')]"
Brazil,2022-10-26,"[7751.0, 8183.0, 0.0, 0.0, 0.0, 13491.0, 8286.0]","[5064.96240234375, 4895.9697265625, 6429.26953125, 5673.8974609375, 10222.673828125, 11915.53515625, 12606.927734375]","[Timestamp('2022-10-26 00:00:00'), Timestamp('2022-10-27 00:00:00'), Timestamp('2022-10-28 00:00:00'), Timestamp('2022-10-29 00:00:00'), Timestamp('2022-10-30 00:00:00'), Timestamp('2022-10-31 00:00:00'), Timestamp('2022-11-01 00:00:00')]"
Brazil,2022-10-27,"[8183.0, 0.0, 0.0, 0.0, 13491.0, 8286.0, 0.0]","[4794.59033203125, 4230.0517578125, 5493.0849609375, 5269.158203125, 10293.4189453125, 11341.0546875, 11689.2607421875]","[Timestamp('2022-10-27 00:00:00'), Timestamp('2022-10-28 00:00:00'), Timestamp('2022-10-29 00:00:00'), Timestamp('2022-10-30 00:00:00'), Timestamp('2022-10-31 00:00:00'), Timestamp('2022-11-01 00:00:00'), Timestamp('2022-11-02 00:00:00')]"
Brazil,2022-10-28,"[0.0, 0.0, 0.0, 13491.0, 8286.0, 0.0, 9273.0]","[4933.0517578125, 4630.892578125, 5748.12109375, 5978.54296875, 10625.13671875, 11794.396484375, 12094.8046875]","[Timestamp('2022-10-28 00:00:00'), Timestamp('2022-10-29 00:00:00'), Timestamp('2022-10-30 00:00:00'), Timestamp('2022-10-31 00:00:00'), Timestamp('2022-11-01 00:00:00'), Timestamp('2022-11-02 00:00:00'), Timestamp('2022-11-03 00:00:00')]"
Brazil,2022-10-29,"[0.0, 0.0, 13491.0, 8286.0, 0.0, 9273.0, 2755.0]","[5471.03857421875, 5282.97705078125, 6704.5869140625, 6704.255859375, 11403.8798828125, 12357.54296875, 12618.525390625]","[Timestamp('2022-10-29 00:00:00'), Timestamp('2022-10-30 00:00:00'), Timestamp('2022-10-31 00:00:00'), Timestamp('2022-11-01 00:00:00'), Timestamp('2022-11-02 00:00:00'), Timestamp('2022-11-03 00:00:00'), Timestamp('2022-11-04 00:00:00')]"
Brazil,2022-10-30,"[0.0, 13491.0, 8286.0, 0.0, 9273.0, 2755.0, 0.0]","[5448.7607421875, 5076.2119140625, 6640.662109375, 6420.34326171875, 11045.2890625, 12076.5205078125, 12432.345703125]","[Timestamp('2022-10-30 00:00:00'), Timestamp('2022-10-31 00:00:00'), Timestamp('2022-11-01 00:00:00'), Timestamp('2022-11-02 00:00:00'), Timestamp('2022-11-03 00:00:00'), Timestamp('2022-11-04 00:00:00'), Timestamp('2022-11-05 00:00:00')]"
Brazil,2022-10-31,"[13491.0, 8286.0, 0.0, 9273.0, 2755.0, 0.0, 0.0]","[5514.291015625, 5030.31298828125, 6561.5771484375, 6297.23828125, 10941.0283203125, 12111.5751953125, 12378.0537109375]","[Timestamp('2022-10-31 00:00:00'), Timestamp('2022-11-01 00:00:00'), Timestamp('2022-11-02 00:00:00'), Timestamp('2022-11-03 00:00:00'), Timestamp('2022-11-04 00:00:00'), Timestamp('2022-11-05 00:00:00'), Timestamp('2022-11-06 00:00:00')]"
Brazil,2022-11-01,"[8286.0, 0.0, 9273.0, 2755.0, 0.0, 0.0, 6429.0]","[5431.03564453125, 4483.24658203125, 6066.9111328125, 5705.80908203125, 10231.3857421875, 11643.0791015625, 11832.4423828125]","[Timestamp('2022-11-01 00:00:00'), Timestamp('2022-11-02 00:00:00'), Timestamp('2022-11-03 00:00:00'), Timestamp('2022-11-04 00:00:00'), Timestamp('2022-11-05 00:00:00'), Timestamp('2022-11-06 00:00:00'), Timestamp('2022-11-07 00:00:00')]"
Brazil,2022-11-02,"[0.0, 9273.0, 2755.0, 0.0, 0.0, 6429.0, 0.0]","[5490.85791015625, 4876.4111328125, 6057.4658203125, 5886.357421875, 10569.314453125, 11945.4404296875, 12154.4921875]","[Timestamp('2022-11-02 00:00:00'), Timestamp('2022-11-03 00:00:00'), Timestamp('2022-11-04 00:00:00'), Timestamp('2022-11-05 00:00:00'), Timestamp('2022-11-06 00:00:00'), Timestamp('2022-11-07 00:00:00'), Timestamp('2022-11-08 00:00:00')]"
Brazil,2022-11-03,"[9273.0, 2755.0, 0.0, 0.0, 6429.0, 0.0, 0.0]","[4992.1279296875, 4683.10302734375, 6171.59375, 6086.83251953125, 10454.1796875, 11628.7685546875, 11906.98828125]","[Timestamp('2022-11-03 00:00:00'), Timestamp('2022-11-04 00:00:00'), Timestamp('2022-11-05 00:00:00'), Timestamp('2022-11-06 00:00:00'), Timestamp('2022-11-07 00:00:00'), Timestamp('2022-11-08 00:00:00'), Timestamp('2022-11-09 00:00:00')]"
Brazil,2022-11-04,"[2755.0, 0.0, 0.0, 6429.0, 0.0, 0.0, 34084.0]","[5510.4208984375, 4932.9990234375, 6415.16943359375, 6211.783203125, 11006.9990234375, 12080.87890625, 12279.2421875]","[Timestamp('2022-11-04 00:00:00'), Timestamp('2022-11-05 00:00:00'), Timestamp('2022-11-06 00:00:00'), Timestamp('2022-11-07 00:00:00'), Timestamp('2022-11-08 00:00:00'), Timestamp('2022-11-09 00:00:00'), Timestamp('2022-11-10 00:00:00')]"
Brazil,2022-11-05,"[0.0, 0.0, 6429.0, 0.0, 0.0, 34084.0, 18622.0]","[4982.2861328125, 4500.8046875, 5999.408203125, 5890.755859375, 10319.1396484375, 11532.7705078125, 11815.4423828125]","[Timestamp('2022-11-05 00:00:00'), Timestamp('2022-11-06 00:00:00'), Timestamp('2022-11-07 00:00:00'), Timestamp('2022-11-08 00:00:00'), Timestamp('2022-11-09 00:00:00'), Timestamp('2022-11-10 00:00:00'), Timestamp('2022-11-11 00:00:00')]"
Brazil,2022-11-06,"[0.0, 6429.0, 0.0, 0.0, 34084.0, 18622.0, 0.0]","[5566.28564453125, 5064.19482421875, 6360.498046875, 6261.23193359375, 10935.9609375, 12160.6982421875, 12434.7548828125]","[Timestamp('2022-11-06 00:00:00'), Timestamp('2022-11-07 00:00:00'), Timestamp('2022-11-08 00:00:00'), Timestamp('2022-11-09 00:00:00'), Timestamp('2022-11-10 00:00:00'), Timestamp('2022-11-11 00:00:00'), Timestamp('2022-11-12 00:00:00')]"
Brazil,2022-11-07,"[6429.0, 0.0, 0.0, 34084.0, 18622.0, 0.0, 0.0]","[5188.06689453125, 4439.908203125, 6062.23486328125, 5876.48388671875, 10388.58984375, 11684.18359375, 11855.873046875]","[Timestamp('2022-11-07 00:00:00'), Timestamp('2022-11-08 00:00:00'), Timestamp('2022-11-09 00:00:00'), Timestamp('2022-11-10 00:00:00'), Timestamp('2022-11-11 00:00:00'), Timestamp('2022-11-12 00:00:00'), Timestamp('2022-11-13 00:00:00')]"
Brazil,2022-11-08,"[0.0, 0.0, 34084.0, 18622.0, 0.0, 0.0, 0.0]","[5236.85693359375, 4299.77783203125, 5865.91015625, 5509.17626953125, 10126.115234375, 11475.9853515625, 11639.318359375]","[Timestamp('2022-11-08 00:00:00'), Timestamp('2022-11-09 00:00:00'), Timestamp('2022-11-10 00:00:00'), Timestamp('2022-11-11 00:00:00'), Timestamp('2022-11-12 00:00:00'), Timestamp('2022-11-13 00:00:00'), Timestamp('2022-11-14 00:00:00')]"
Brazil,2022-11-09,"[0.0, 34084.0, 18622.0, 0.0, 0.0, 0.0, 0.0]","[4886.84423828125, 3886.1259765625, 5307.890625, 5160.443359375, 9881.861328125, 11235.4794921875, 11328.8896484375]","[Timestamp('2022-11-09 00:00:00'), Timestamp('2022-11-10 00:00:00'), Timestamp('2022-11-11 00:00:00'), Timestamp('2022-11-12 00:00:00'), Timestamp('2022-11-13 00:00:00'), Timestamp('2022-11-14 00:00:00'), Timestamp('2022-11-15 00:00:00')]"
Brazil,2022-11-10,"[34084.0, 18622.0, 0.0, 0.0, 0.0, 0.0, 29875.0]","[4866.4814453125, 3912.2568359375, 5437.65625, 5160.0283203125, 9900.3447265625, 11241.3466796875, 11344.22265625]","[Timestamp('2022-11-10 00:00:00'), Timestamp('2022-11-11 00:00:00'), Timestamp('2022-11-12 00:00:00'), Timestamp('2022-11-13 00:00:00'), Timestamp('2022-11-14 00:00:00'), Timestamp('2022-11-15 00:00:00'), Timestamp('2022-11-16 00:00:00')]"
Brazil,2022-11-11,"[18622.0, 0.0, 0.0, 0.0, 0.0, 29875.0, 32970.0]","[4622.3984375, 3549.290283203125, 5031.9736328125, 4824.82080078125, 9691.9091796875, 11019.294921875, 11036.939453125]","[Timestamp('2022-11-11 00:00:00'), Timestamp('2022-11-12 00:00:00'), Timestamp('2022-11-13 00:00:00'), Timestamp('2022-11-14 00:00:00'), Timestamp('2022-11-15 00:00:00'), Timestamp('2022-11-16 00:00:00'), Timestamp('2022-11-17 00:00:00')]"
Brazil,2022-11-12,"[0.0, 0.0, 0.0, 0.0, 29875.0, 32970.0, 28452.0]","[5360.1328125, 4724.36181640625, 5905.966796875, 5833.2802734375, 10917.533203125, 12304.880859375, 12687.4150390625]","[Timestamp('2022-11-12 00:00:00'), Timestamp('2022-11-13 00:00:00'), Timestamp('2022-11-14 00:00:00'), Timestamp('2022-11-15 00:00:00'), Timestamp('2022-11-16 00:00:00'), Timestamp('2022-11-17 00:00:00'), Timestamp('2022-11-18 00:00:00')]"
Brazil,2022-11-13,"[0.0, 0.0, 0.0, 29875.0, 32970.0, 28452.0, 0.0]","[5906.82666015625, 6343.05224609375, 7771.017578125, 8473.9873046875, 13053.9609375, 13849.9482421875, 14846.5498046875]","[Timestamp('2022-11-13 00:00:00'), Timestamp('2022-11-14 00:00:00'), Timestamp('2022-11-15 00:00:00'), Timestamp('2022-11-16 00:00:00'), Timestamp('2022-11-17 00:00:00'), Timestamp('2022-11-18 00:00:00'), Timestamp('2022-11-19 00:00:00')]"
Brazil,2022-11-14,"[0.0, 0.0, 29875.0, 32970.0, 28452.0, 0.0, 0.0]","[6587.3076171875, 6813.38818359375, 8324.7705078125, 8871.705078125, 13635.2890625, 14513.6357421875, 15428.0849609375]","[Timestamp('2022-11-14 00:00:00'), Timestamp('2022-11-15 00:00:00'), Timestamp('2022-11-16 00:00:00'), Timestamp('2022-11-17 00:00:00'), Timestamp('2022-11-18 00:00:00'), Timestamp('2022-11-19 00:00:00'), Timestamp('2022-11-20 00:00:00')]"
Brazil,2022-11-15,"[0.0, 29875.0, 32970.0, 28452.0, 0.0, 0.0, 0.0]","[6057.72900390625, 6266.8779296875, 7610.7958984375, 8073.3779296875, 12845.0517578125, 13788.5927734375, 14775.34765625]","[Timestamp('2022-11-15 00:00:00'), Timestamp('2022-11-16 00:00:00'), Timestamp('2022-11-17 00:00:00'), Timestamp('2022-11-18 00:00:00'), Timestamp('2022-11-19 00:00:00'), Timestamp('2022-11-20 00:00:00'), Timestamp('2022-11-21 00:00:00')]"
Brazil,2022-11-16,"[29875.0, 32970.0, 28452.0, 0.0, 0.0, 0.0, 52657.0]","[6267.345703125, 5805.140625, 7150.72607421875, 7353.24462890625, 12071.564453125, 13353.5029296875, 14048.9306640625]","[Timestamp('2022-11-16 00:00:00'), Timestamp('2022-11-17 00:00:00'), Timestamp('2022-11-18 00:00:00'), Timestamp('2022-11-19 00:00:00'), Timestamp('2022-11-20 00:00:00'), Timestamp('2022-11-21 00:00:00'), Timestamp('2022-11-22 00:00:00')]"
Brazil,2022-11-17,"[32970.0, 28452.0, 0.0, 0.0, 0.0, 52657.0, 29884.0]","[6051.65966796875, 5511.90625, 6838.2578125, 7015.8935546875, 11663.6826171875, 12992.068359375, 13716.1923828125]","[Timestamp('2022-11-17 00:00:00'), Timestamp('2022-11-18 00:00:00'), Timestamp('2022-11-19 00:00:00'), Timestamp('2022-11-20 00:00:00'), Timestamp('2022-11-21 00:00:00'), Timestamp('2022-11-22 00:00:00'), Timestamp('2022-11-23 00:00:00')]"
Brazil,2022-11-18,"[28452.0, 0.0, 0.0, 0.0, 52657.0, 29884.0, 23205.0]","[6467.38671875, 6086.5712890625, 7313.00244140625, 7498.9716796875, 12433.4775390625, 13760.1865234375, 14428.912109375]","[Timestamp('2022-11-18 00:00:00'), Timestamp('2022-11-19 00:00:00'), Timestamp('2022-11-20 00:00:00'), Timestamp('2022-11-21 00:00:00'), Timestamp('2022-11-22 00:00:00'), Timestamp('2022-11-23 00:00:00'), Timestamp('2022-11-24 00:00:00')]"
Brazil,2022-11-19,"[0.0, 0.0, 0.0, 52657.0, 29884.0, 23205.0, 44262.0]","[7711.8740234375, 8626.2568359375, 9643.1884765625, 10813.95703125, 15286.9521484375, 16052.43359375, 17534.591796875]","[Timestamp('2022-11-19 00:00:00'), Timestamp('2022-11-20 00:00:00'), Timestamp('2022-11-21 00:00:00'), Timestamp('2022-11-22 00:00:00'), Timestamp('2022-11-23 00:00:00'), Timestamp('2022-11-24 00:00:00'), Timestamp('2022-11-25 00:00:00')]"
Brazil,2022-11-20,"[0.0, 0.0, 52657.0, 29884.0, 23205.0, 44262.0, 0.0]","[9170.6484375, 10165.3232421875, 11052.3798828125, 12852.6318359375, 17076.51171875, 17907.009765625, 19720.01171875]","[Timestamp('2022-11-20 00:00:00'), Timestamp('2022-11-21 00:00:00'), Timestamp('2022-11-22 00:00:00'), Timestamp('2022-11-23 00:00:00'), Timestamp('2022-11-24 00:00:00'), Timestamp('2022-11-25 00:00:00'), Timestamp('2022-11-26 00:00:00')]"
Brazil,2022-11-21,"[0.0, 52657.0, 29884.0, 23205.0, 44262.0, 0.0, 0.0]","[9771.1767578125, 11135.2666015625, 12226.4697265625, 13779.3115234375, 18101.5234375, 18777.916015625, 20960.49609375]","[Timestamp('2022-11-21 00:00:00'), Timestamp('2022-11-22 00:00:00'), Timestamp('2022-11-23 00:00:00'), Timestamp('2022-11-24 00:00:00'), Timestamp('2022-11-25 00:00:00'), Timestamp('2022-11-26 00:00:00'), Timestamp('2022-11-27 00:00:00')]"
Brazil,2022-11-22,"[52657.0, 29884.0, 23205.0, 44262.0, 0.0, 0.0, 0.0]","[9450.6416015625, 10062.3740234375, 11338.0654296875, 12335.068359375, 16779.267578125, 17768.796875, 19384.021484375]","[Timestamp('2022-11-22 00:00:00'), Timestamp('2022-11-23 00:00:00'), Timestamp('2022-11-24 00:00:00'), Timestamp('2022-11-25 00:00:00'), Timestamp('2022-11-26 00:00:00'), Timestamp('2022-11-27 00:00:00'), Timestamp('2022-11-28 00:00:00')]"
Brazil,2022-11-23,"[29884.0, 23205.0, 44262.0, 0.0, 0.0, 0.0, 78096.0]","[9458.2626953125, 9662.5908203125, 10878.0751953125, 11675.1279296875, 15546.509765625, 17097.498046875, 18611.28125]","[Timestamp('2022-11-23 00:00:00'), Timestamp('2022-11-24 00:00:00'), Timestamp('2022-11-25 00:00:00'), Timestamp('2022-11-26 00:00:00'), Timestamp('2022-11-27 00:00:00'), Timestamp('2022-11-28 00:00:00'), Timestamp('2022-11-29 00:00:00')]"
Brazil,2022-11-24,"[23205.0, 44262.0, 0.0, 0.0, 0.0, 78096.0, 0.0]","[9981.6650390625, 10438.5048828125, 11642.2138671875, 12525.1953125, 17048.97265625, 18622.46484375, 20067.955078125]","[Timestamp('2022-11-24 00:00:00'), Timestamp('2022-11-25 00:00:00'), Timestamp('2022-11-26 00:00:00'), Timestamp('2022-11-27 00:00:00'), Timestamp('2022-11-28 00:00:00'), Timestamp('2022-11-29 00:00:00'), Timestamp('2022-11-30 00:00:00')]"
Brazil,2022-11-25,"[44262.0, 0.0, 0.0, 0.0, 78096.0, 0.0, 74538.0]","[11161.1220703125, 13047.5791015625, 13893.8955078125, 15890.357421875, 20050.931640625, 20778.767578125, 23342.8203125]","[Timestamp('2022-11-25 00:00:00'), Timestamp('2022-11-26 00:00:00'), Timestamp('2022-11-27 00:00:00'), Timestamp('2022-11-28 00:00:00'), Timestamp('2022-11-29 00:00:00'), Timestamp('2022-11-30 00:00:00'), Timestamp('2022-12-01 00:00:00')]"
Brazil,2022-11-26,"[0.0, 0.0, 0.0, 78096.0, 0.0, 74538.0, 35409.0]","[12185.0537109375, 13965.169921875, 14701.515625, 17009.66015625, 21291.10546875, 22125.275390625, 24492.40625]","[Timestamp('2022-11-26 00:00:00'), Timestamp('2022-11-27 00:00:00'), Timestamp('2022-11-28 00:00:00'), Timestamp('2022-11-29 00:00:00'), Timestamp('2022-11-30 00:00:00'), Timestamp('2022-12-01 00:00:00'), Timestamp('2022-12-02 00:00:00')]"
Brazil,2022-11-27,"[0.0, 0.0, 78096.0, 0.0, 74538.0, 35409.0, 0.0]","[13593.296875, 15714.71875, 16681.39453125, 18945.59375, 22625.072265625, 23396.8515625, 26414.548828125]","[Timestamp('2022-11-27 00:00:00'), Timestamp('2022-11-28 00:00:00'), Timestamp('2022-11-29 00:00:00'), Timestamp('2022-11-30 00:00:00'), Timestamp('2022-12-01 00:00:00'), Timestamp('2022-12-02 00:00:00'), Timestamp('2022-12-03 00:00:00')]"
Brazil,2022-11-28,"[0.0, 78096.0, 0.0, 74538.0, 35409.0, 0.0, 0.0]","[14888.572265625, 16878.716796875, 17965.197265625, 19758.4296875, 23998.611328125, 24837.84375, 28003.8984375]","[Timestamp('2022-11-28 00:00:00'), Timestamp('2022-11-29 00:00:00'), Timestamp('2022-11-30 00:00:00'), Timestamp('2022-12-01 00:00:00'), Timestamp('2022-12-02 00:00:00'), Timestamp('2022-12-03 00:00:00'), Timestamp('2022-12-04 00:00:00')]"
Brazil,2022-11-29,"[78096.0, 0.0, 74538.0, 35409.0, 0.0, 0.0, 58645.0]","[14552.0380859375, 16097.8642578125, 17701.22265625, 18502.474609375, 22603.73828125, 23744.5859375, 26428.873046875]","[Timestamp('2022-11-29 00:00:00'), Timestamp('2022-11-30 00:00:00'), Timestamp('2022-12-01 00:00:00'), Timestamp('2022-12-02 00:00:00'), Timestamp('2022-12-03 00:00:00'), Timestamp('2022-12-04 00:00:00'), Timestamp('2022-12-05 00:00:00')]"
Brazil,2022-11-30,"[0.0, 74538.0, 35409.0, 0.0, 0.0, 58645.0, 0.0]","[13906.7255859375, 14302.0361328125, 15919.2119140625, 16517.42578125, 19856.6015625, 21998.236328125, 23870.3046875]","[Timestamp('2022-11-30 00:00:00'), Timestamp('2022-12-01 00:00:00'), Timestamp('2022-12-02 00:00:00'), Timestamp('2022-12-03 00:00:00'), Timestamp('2022-12-04 00:00:00'), Timestamp('2022-12-05 00:00:00'), Timestamp('2022-12-06 00:00:00')]"
Brazil,2022-12-01,"[74538.0, 35409.0, 0.0, 0.0, 58645.0, 0.0, 0.0]","[14351.798828125, 15495.8193359375, 17117.2421875, 17834.689453125, 22529.314453125, 24156.6171875, 26521.177734375]","[Timestamp('2022-12-01 00:00:00'), Timestamp('2022-12-02 00:00:00'), Timestamp('2022-12-03 00:00:00'), Timestamp('2022-12-04 00:00:00'), Timestamp('2022-12-05 00:00:00'), Timestamp('2022-12-06 00:00:00'), Timestamp('2022-12-07 00:00:00')]"
Brazil,2022-12-02,"[35409.0, 0.0, 0.0, 58645.0, 0.0, 0.0, 135525.0]","[14824.7294921875, 16446.337890625, 18375.77734375, 19954.65234375, 23969.978515625, 25423.078125, 28325.244140625]","[Timestamp('2022-12-02 00:00:00'), Timestamp('2022-12-03 00:00:00'), Timestamp('2022-12-04 00:00:00'), Timestamp('2022-12-05 00:00:00'), Timestamp('2022-12-06 00:00:00'), Timestamp('2022-12-07 00:00:00'), Timestamp('2022-12-08 00:00:00')]"
Brazil,2022-12-03,"[0.0, 0.0, 58645.0, 0.0, 0.0, 135525.0, 0.0]","[15880.2373046875, 17938.080078125, 19586.8046875, 21251.69921875, 26051.017578125, 27453.2578125, 30803.39453125]","[Timestamp('2022-12-03 00:00:00'), Timestamp('2022-12-04 00:00:00'), Timestamp('2022-12-05 00:00:00'), Timestamp('2022-12-06 00:00:00'), Timestamp('2022-12-07 00:00:00'), Timestamp('2022-12-08 00:00:00'), Timestamp('2022-12-09 00:00:00')]"
Brazil,2022-12-04,"[0.0, 58645.0, 0.0, 0.0, 135525.0, 0.0, 0.0]","[18864.1640625, 21752.337890625, 23442.03515625, 25962.1015625, 29829.228515625, 31177.3125, 35145.79296875]","[Timestamp('2022-12-04 00:00:00'), Timestamp('2022-12-05 00:00:00'), Timestamp('2022-12-06 00:00:00'), Timestamp('2022-12-07 00:00:00'), Timestamp('2022-12-08 00:00:00'), Timestamp('2022-12-09 00:00:00'), Timestamp('2022-12-10 00:00:00')]"
Brazil,2022-12-05,"[58645.0, 0.0, 0.0, 135525.0, 0.0, 0.0, 0.0]","[20682.279296875, 22894.935546875, 24952.212890625, 26455.216796875, 30767.880859375, 32271.341796875, 36060.9296875]","[Timestamp('2022-12-05 00:00:00'), Timestamp('2022-12-06 00:00:00'), Timestamp('2022-12-07 00:00:00'), Timestamp('2022-12-08 00:00:00'), Timestamp('2022-12-09 00:00:00'), Timestamp('2022-12-10 00:00:00'), Timestamp('2022-12-11 00:00:00')]"
Brazil,2022-12-06,"[0.0, 0.0, 135525.0, 0.0, 0.0, 0.0, 112054.0]","[18354.109375, 20214.93359375, 22242.671875, 22839.94921875, 26536.765625, 28231.931640625, 31783.349609375]","[Timestamp('2022-12-06 00:00:00'), Timestamp('2022-12-07 00:00:00'), Timestamp('2022-12-08 00:00:00'), Timestamp('2022-12-09 00:00:00'), Timestamp('2022-12-10 00:00:00'), Timestamp('2022-12-11 00:00:00'), Timestamp('2022-12-12 00:00:00')]"
Brazil,2022-12-07,"[0.0, 135525.0, 0.0, 0.0, 0.0, 112054.0, 53148.0]","[19243.017578125, 20442.564453125, 22412.36328125, 22671.373046875, 27345.58984375, 29129.34375, 32446.833984375]","[Timestamp('2022-12-07 00:00:00'), Timestamp('2022-12-08 00:00:00'), Timestamp('2022-12-09 00:00:00'), Timestamp('2022-12-10 00:00:00'), Timestamp('2022-12-11 00:00:00'), Timestamp('2022-12-12 00:00:00'), Timestamp('2022-12-13 00:00:00')]"
Brazil,2022-12-08,"[135525.0, 0.0, 0.0, 0.0, 112054.0, 53148.0, 54493.0]","[17866.28515625, 19853.599609375, 22083.587890625, 22603.35546875, 27030.509765625, 28243.517578125, 32350.998046875]","[Timestamp('2022-12-08 00:00:00'), Timestamp('2022-12-09 00:00:00'), Timestamp('2022-12-10 00:00:00'), Timestamp('2022-12-11 00:00:00'), Timestamp('2022-12-12 00:00:00'), Timestamp('2022-12-13 00:00:00'), Timestamp('2022-12-14 00:00:00')]"
Brazil,2022-12-09,"[0.0, 0.0, 0.0, 112054.0, 53148.0, 54493.0, 58421.0]","[18193.96484375, 19681.7578125, 21640.7578125, 21329.533203125, 26396.244140625, 27957.703125, 31261.43359375]","[Timestamp('2022-12-09 00:00:00'), Timestamp('2022-12-10 00:00:00'), Timestamp('2022-12-11 00:00:00'), Timestamp('2022-12-12 00:00:00'), Timestamp('2022-12-13 00:00:00'), Timestamp('2022-12-14 00:00:00'), Timestamp('2022-12-15 00:00:00')]"
Brazil,2022-12-10,"[0.0, 0.0, 112054.0, 53148.0, 54493.0, 58421.0, 59694.0]","[18798.88671875, 20658.61328125, 22757.30078125, 24113.109375, 29294.44140625, 31244.90234375, 34759.28515625]","[Timestamp('2022-12-10 00:00:00'), Timestamp('2022-12-11 00:00:00'), Timestamp('2022-12-12 00:00:00'), Timestamp('2022-12-13 00:00:00'), Timestamp('2022-12-14 00:00:00'), Timestamp('2022-12-15 00:00:00'), Timestamp('2022-12-16 00:00:00')]"
Brazil,2022-12-11,"[0.0, 112054.0, 53148.0, 54493.0, 58421.0, 59694.0, 0.0]","[23438.591796875, 26833.658203125, 29633.240234375, 31157.853515625, 36192.26953125, 37859.06640625, 42600.21875]","[Timestamp('2022-12-11 00:00:00'), Timestamp('2022-12-12 00:00:00'), Timestamp('2022-12-13 00:00:00'), Timestamp('2022-12-14 00:00:00'), Timestamp('2022-12-15 00:00:00'), Timestamp('2022-12-16 00:00:00'), Timestamp('2022-12-17 00:00:00')]"
Brazil,2022-12-12,"[112054.0, 53148.0, 54493.0, 58421.0, 59694.0, 0.0, 0.0]","[23842.625, 27102.447265625, 29970.5078125, 29954.822265625, 35743.38671875, 37545.44921875, 41499.015625]","[Timestamp('2022-12-12 00:00:00'), Timestamp('2022-12-13 00:00:00'), Timestamp('2022-12-14 00:00:00'), Timestamp('2022-12-15 00:00:00'), Timestamp('2022-12-16 00:00:00'), Timestamp('2022-12-17 00:00:00'), Timestamp('2022-12-18 00:00:00')]"
Brazil,2022-12-13,"[53148.0, 54493.0, 58421.0, 59694.0, 0.0, 0.0, 75537.0]","[21112.876953125, 22487.103515625, 24988.79296875, 24864.376953125, 27947.505859375, 30846.83203125, 34721.296875]","[Timestamp('2022-12-13 00:00:00'), Timestamp('2022-12-14 00:00:00'), Timestamp('2022-12-15 00:00:00'), Timestamp('2022-12-16 00:00:00'), Timestamp('2022-12-17 00:00:00'), Timestamp('2022-12-18 00:00:00'), Timestamp('2022-12-19 00:00:00')]"
Brazil,2022-12-14,"[54493.0, 58421.0, 59694.0, 0.0, 0.0, 75537.0, 56697.0]","[23782.166015625, 26087.927734375, 28338.755859375, 27802.37109375, 34043.625, 36442.9375, 40352.7890625]","[Timestamp('2022-12-14 00:00:00'), Timestamp('2022-12-15 00:00:00'), Timestamp('2022-12-16 00:00:00'), Timestamp('2022-12-17 00:00:00'), Timestamp('2022-12-18 00:00:00'), Timestamp('2022-12-19 00:00:00'), Timestamp('2022-12-20 00:00:00')]"
Brazil,2022-12-15,"[58421.0, 59694.0, 0.0, 0.0, 75537.0, 56697.0, 42681.0]","[25293.798828125, 29401.908203125, 31363.947265625, 34129.03515625, 37708.45703125, 39575.90234375, 44713.3828125]","[Timestamp('2022-12-15 00:00:00'), Timestamp('2022-12-16 00:00:00'), Timestamp('2022-12-17 00:00:00'), Timestamp('2022-12-18 00:00:00'), Timestamp('2022-12-19 00:00:00'), Timestamp('2022-12-20 00:00:00'), Timestamp('2022-12-21 00:00:00')]"
Brazil,2022-12-16,"[59694.0, 0.0, 0.0, 75537.0, 56697.0, 42681.0, 48404.0]","[28504.041015625, 33297.46875, 34726.34765625, 37682.78125, 42312.40625, 44011.67578125, 49005.02734375]","[Timestamp('2022-12-16 00:00:00'), Timestamp('2022-12-17 00:00:00'), Timestamp('2022-12-18 00:00:00'), Timestamp('2022-12-19 00:00:00'), Timestamp('2022-12-20 00:00:00'), Timestamp('2022-12-21 00:00:00'), Timestamp('2022-12-22 00:00:00')]"
Brazil,2022-12-17,"[0.0, 0.0, 75537.0, 56697.0, 42681.0, 48404.0, 0.0]","[27948.162109375, 32597.458984375, 33508.6796875, 37374.96875, 39893.6875, 41228.44921875, 47299.17578125]","[Timestamp('2022-12-17 00:00:00'), Timestamp('2022-12-18 00:00:00'), Timestamp('2022-12-19 00:00:00'), Timestamp('2022-12-20 00:00:00'), Timestamp('2022-12-21 00:00:00'), Timestamp('2022-12-22 00:00:00'), Timestamp('2022-12-23 00:00:00')]"
Brazil,2022-12-18,"[0.0, 75537.0, 56697.0, 42681.0, 48404.0, 0.0, 0.0]","[34504.60546875, 39160.19921875, 40819.1640625, 42980.15625, 45909.42578125, 47795.85546875, 53961.59375]","[Timestamp('2022-12-18 00:00:00'), Timestamp('2022-12-19 00:00:00'), Timestamp('2022-12-20 00:00:00'), Timestamp('2022-12-21 00:00:00'), Timestamp('2022-12-22 00:00:00'), Timestamp('2022-12-23 00:00:00'), Timestamp('2022-12-24 00:00:00')]"
Brazil,2022-12-19,"[75537.0, 56697.0, 42681.0, 48404.0, 0.0, 0.0, 0.0]","[31969.9609375, 35885.62890625, 38146.25, 40035.3125, 42284.92578125, 43991.66015625, 50188.5]","[Timestamp('2022-12-19 00:00:00'), Timestamp('2022-12-20 00:00:00'), Timestamp('2022-12-21 00:00:00'), Timestamp('2022-12-22 00:00:00'), Timestamp('2022-12-23 00:00:00'), Timestamp('2022-12-24 00:00:00'), Timestamp('2022-12-25 00:00:00')]"
Brazil,2022-12-20,"[56697.0, 42681.0, 48404.0, 0.0, 0.0, 0.0, 97544.0]","[33349.40625, 36442.3359375, 38856.53515625, 37286.64453125, 40622.09375, 42973.53125, 48796.76171875]","[Timestamp('2022-12-20 00:00:00'), Timestamp('2022-12-21 00:00:00'), Timestamp('2022-12-22 00:00:00'), Timestamp('2022-12-23 00:00:00'), Timestamp('2022-12-24 00:00:00'), Timestamp('2022-12-25 00:00:00'), Timestamp('2022-12-26 00:00:00')]"
Brazil,2022-12-21,"[42681.0, 48404.0, 0.0, 0.0, 0.0, 97544.0, 35898.0]","[31228.072265625, 33076.66796875, 36069.375, 34920.12109375, 37983.00390625, 40659.10546875, 45843.6875]","[Timestamp('2022-12-21 00:00:00'), Timestamp('2022-12-22 00:00:00'), Timestamp('2022-12-23 00:00:00'), Timestamp('2022-12-24 00:00:00'), Timestamp('2022-12-25 00:00:00'), Timestamp('2022-12-26 00:00:00'), Timestamp('2022-12-27 00:00:00')]"
Brazil,2022-12-22,"[48404.0, 0.0, 0.0, 0.0, 97544.0, 35898.0, 38434.0]","[34571.265625, 39083.8203125, 41140.9765625, 40977.4140625, 43442.6328125, 45927.1015625, 51923.37890625]","[Timestamp('2022-12-22 00:00:00'), Timestamp('2022-12-23 00:00:00'), Timestamp('2022-12-24 00:00:00'), Timestamp('2022-12-25 00:00:00'), Timestamp('2022-12-26 00:00:00'), Timestamp('2022-12-27 00:00:00'), Timestamp('2022-12-28 00:00:00')]"
Brazil,2022-12-23,"[0.0, 0.0, 0.0, 97544.0, 35898.0, 38434.0, 37694.0]","[31004.234375, 33978.515625, 36293.53125, 38524.609375, 40622.390625, 42911.4140625, 47542.125]","[Timestamp('2022-12-23 00:00:00'), Timestamp('2022-12-24 00:00:00'), Timestamp('2022-12-25 00:00:00'), Timestamp('2022-12-26 00:00:00'), Timestamp('2022-12-27 00:00:00'), Timestamp('2022-12-28 00:00:00'), Timestamp('2022-12-29 00:00:00')]"
Brazil,2022-12-24,"[0.0, 0.0, 97544.0, 35898.0, 38434.0, 37694.0, 28866.0]","[34256.3203125, 38172.046875, 40360.91796875, 41049.8515625, 42757.5625, 45038.22265625, 50711.0234375]","[Timestamp('2022-12-24 00:00:00'), Timestamp('2022-12-25 00:00:00'), Timestamp('2022-12-26 00:00:00'), Timestamp('2022-12-27 00:00:00'), Timestamp('2022-12-28 00:00:00'), Timestamp('2022-12-29 00:00:00'), Timestamp('2022-12-30 00:00:00')]"
Brazil,2022-12-25,"[0.0, 97544.0, 35898.0, 38434.0, 37694.0, 28866.0, 0.0]","[34218.59375, 36053.66015625, 40024.96875, 39206.94921875, 41070.28125, 44107.8515625, 48795.95703125]","[Timestamp('2022-12-25 00:00:00'), Timestamp('2022-12-26 00:00:00'), Timestamp('2022-12-27 00:00:00'), Timestamp('2022-12-28 00:00:00'), Timestamp('2022-12-29 00:00:00'), Timestamp('2022-12-30 00:00:00'), Timestamp('2022-12-31 00:00:00')]"
Brazil,2022-12-26,"[97544.0, 35898.0, 38434.0, 37694.0, 28866.0, 0.0, 0.0]","[31148.9375, 33802.7421875, 36469.34765625, 34617.4453125, 36382.1484375, 38946.53515625, 44099.2734375]","[Timestamp('2022-12-26 00:00:00'), Timestamp('2022-12-27 00:00:00'), Timestamp('2022-12-28 00:00:00'), Timestamp('2022-12-29 00:00:00'), Timestamp('2022-12-30 00:00:00'), Timestamp('2022-12-31 00:00:00'), Timestamp('2023-01-01 00:00:00')]"
Brazil,2022-12-27,"[35898.0, 38434.0, 37694.0, 28866.0, 0.0, 0.0, 31085.0]","[25561.2265625, 25926.83984375, 29005.42578125, 28038.265625, 29595.21875, 33212.875, 36025.828125]","[Timestamp('2022-12-27 00:00:00'), Timestamp('2022-12-28 00:00:00'), Timestamp('2022-12-29 00:00:00'), Timestamp('2022-12-30 00:00:00'), Timestamp('2022-12-31 00:00:00'), Timestamp('2023-01-01 00:00:00'), Timestamp('2023-01-02 00:00:00')]"
Brazil,2022-12-28,"[38434.0, 37694.0, 28866.0, 0.0, 0.0, 31085.0, 0.0]","[25352.41015625, 27088.28125, 29494.3984375, 28480.91015625, 32161.61328125, 34869.2734375, 38562.6953125]","[Timestamp('2022-12-28 00:00:00'), Timestamp('2022-12-29 00:00:00'), Timestamp('2022-12-30 00:00:00'), Timestamp('2022-12-31 00:00:00'), Timestamp('2023-01-01 00:00:00'), Timestamp('2023-01-02 00:00:00'), Timestamp('2023-01-03 00:00:00')]"
Brazil,2022-12-29,"[37694.0, 28866.0, 0.0, 0.0, 31085.0, 0.0, 60772.0]","[26176.154296875, 28673.365234375, 31301.98046875, 32729.453125, 35468.9375, 37998.51953125, 41764.03125]","[Timestamp('2022-12-29 00:00:00'), Timestamp('2022-12-30 00:00:00'), Timestamp('2022-12-31 00:00:00'), Timestamp('2023-01-01 00:00:00'), Timestamp('2023-01-02 00:00:00'), Timestamp('2023-01-03 00:00:00'), Timestamp('2023-01-04 00:00:00')]"
Brazil,2022-12-30,"[28866.0, 0.0, 0.0, 31085.0, 0.0, 60772.0, 0.0]","[26408.7265625, 29901.947265625, 31489.603515625, 33271.625, 36525.625, 38570.6484375, 42728.12890625]","[Timestamp('2022-12-30 00:00:00'), Timestamp('2022-12-31 00:00:00'), Timestamp('2023-01-01 00:00:00'), Timestamp('2023-01-02 00:00:00'), Timestamp('2023-01-03 00:00:00'), Timestamp('2023-01-04 00:00:00'), Timestamp('2023-01-05 00:00:00')]"
Brazil,2022-12-31,"[0.0, 0.0, 31085.0, 0.0, 60772.0, 0.0, 54076.0]","[25036.005859375, 27612.689453125, 29547.8671875, 31430.599609375, 33549.70703125, 35481.13671875, 39520.453125]","[Timestamp('2022-12-31 00:00:00'), Timestamp('2023-01-01 00:00:00'), Timestamp('2023-01-02 00:00:00'), Timestamp('2023-01-03 00:00:00'), Timestamp('2023-01-04 00:00:00'), Timestamp('2023-01-05 00:00:00'), Timestamp('2023-01-06 00:00:00')]"
Brazil,2023-01-01,"[0.0, 31085.0, 0.0, 60772.0, 0.0, 54076.0, 0.0]","[27937.18359375, 30560.12890625, 32826.8203125, 33296.4296875, 35756.5859375, 37743.89453125, 42208.57421875]","[Timestamp('2023-01-01 00:00:00'), Timestamp('2023-01-02 00:00:00'), Timestamp('2023-01-03 00:00:00'), Timestamp('2023-01-04 00:00:00'), Timestamp('2023-01-05 00:00:00'), Timestamp('2023-01-06 00:00:00'), Timestamp('2023-01-07 00:00:00')]"
Brazil,2023-01-02,"[31085.0, 0.0, 60772.0, 0.0, 54076.0, 0.0, 0.0]","[24714.767578125, 26722.970703125, 29286.107421875, 29666.55859375, 31557.9765625, 33691.30859375, 37598.83203125]","[Timestamp('2023-01-02 00:00:00'), Timestamp('2023-01-03 00:00:00'), Timestamp('2023-01-04 00:00:00'), Timestamp('2023-01-05 00:00:00'), Timestamp('2023-01-06 00:00:00'), Timestamp('2023-01-07 00:00:00'), Timestamp('2023-01-08 00:00:00')]"
Brazil,2023-01-03,"[0.0, 60772.0, 0.0, 54076.0, 0.0, 0.0, 0.0]","[22475.76953125, 24025.560546875, 26288.080078125, 25797.21875, 28639.05078125, 30689.734375, 34080.046875]","[Timestamp('2023-01-03 00:00:00'), Timestamp('2023-01-04 00:00:00'), Timestamp('2023-01-05 00:00:00'), Timestamp('2023-01-06 00:00:00'), Timestamp('2023-01-07 00:00:00'), Timestamp('2023-01-08 00:00:00'), Timestamp('2023-01-09 00:00:00')]"
Brazil,2023-01-04,"[60772.0, 0.0, 54076.0, 0.0, 0.0, 0.0, 75218.0]","[19230.904296875, 20069.61328125, 22259.6875, 22058.337890625, 24946.27734375, 27174.5546875, 29876.86328125]","[Timestamp('2023-01-04 00:00:00'), Timestamp('2023-01-05 00:00:00'), Timestamp('2023-01-06 00:00:00'), Timestamp('2023-01-07 00:00:00'), Timestamp('2023-01-08 00:00:00'), Timestamp('2023-01-09 00:00:00'), Timestamp('2023-01-10 00:00:00')]"
Brazil,2023-01-05,"[0.0, 54076.0, 0.0, 0.0, 0.0, 75218.0, 26432.999999999996]","[18846.095703125, 19805.279296875, 22502.74609375, 21614.6015625, 25040.8046875, 26968.970703125, 29725.931640625]","[Timestamp('2023-01-05 00:00:00'), Timestamp('2023-01-06 00:00:00'), Timestamp('2023-01-07 00:00:00'), Timestamp('2023-01-08 00:00:00'), Timestamp('2023-01-09 00:00:00'), Timestamp('2023-01-10 00:00:00'), Timestamp('2023-01-11 00:00:00')]"
Brazil,2023-01-06,"[54076.0, 0.0, 0.0, 0.0, 75218.0, 26432.999999999996, 19070.000000000004]","[17464.939453125, 18309.2890625, 20231.82421875, 20493.244140625, 24028.26953125, 26362.03515625, 28655.529296875]","[Timestamp('2023-01-06 00:00:00'), Timestamp('2023-01-07 00:00:00'), Timestamp('2023-01-08 00:00:00'), Timestamp('2023-01-09 00:00:00'), Timestamp('2023-01-10 00:00:00'), Timestamp('2023-01-11 00:00:00'), Timestamp('2023-01-12 00:00:00')]"
Brazil,2023-01-07,"[0.0, 0.0, 0.0, 75218.0, 26432.999999999996, 19070.000000000004, 22436.0]","[18881.88671875, 20147.4296875, 23489.615234375, 22230.2421875, 26058.58203125, 27906.23828125, 31262.287109375]","[Timestamp('2023-01-07 00:00:00'), Timestamp('2023-01-08 00:00:00'), Timestamp('2023-01-09 00:00:00'), Timestamp('2023-01-10 00:00:00'), Timestamp('2023-01-11 00:00:00'), Timestamp('2023-01-12 00:00:00'), Timestamp('2023-01-13 00:00:00')]"
Brazil,2023-01-08,"[0.0, 0.0, 75218.0, 26432.999999999996, 19070.000000000004, 22436.0, 4191.0]","[18546.41015625, 19786.234375, 22653.255859375, 21989.70703125, 25659.8828125, 27957.5703125, 30934.662109375]","[Timestamp('2023-01-08 00:00:00'), Timestamp('2023-01-09 00:00:00'), Timestamp('2023-01-10 00:00:00'), Timestamp('2023-01-11 00:00:00'), Timestamp('2023-01-12 00:00:00'), Timestamp('2023-01-13 00:00:00'), Timestamp('2023-01-14 00:00:00')]"
Brazil,2023-01-09,"[0.0, 75218.0, 26432.999999999996, 19070.000000000004, 22436.0, 4191.0, 3536.9999999999995]","[17449.193359375, 19252.427734375, 22285.951171875, 21561.6328125, 24894.8125, 26769.31640625, 30465.4765625]","[Timestamp('2023-01-09 00:00:00'), Timestamp('2023-01-10 00:00:00'), Timestamp('2023-01-11 00:00:00'), Timestamp('2023-01-12 00:00:00'), Timestamp('2023-01-13 00:00:00'), Timestamp('2023-01-14 00:00:00'), Timestamp('2023-01-15 00:00:00')]"
Brazil,2023-01-10,"[75218.0, 26432.999999999996, 19070.000000000004, 22436.0, 4191.0, 3536.9999999999995, 12688.0]","[14376.5673828125, 15926.2841796875, 18371.173828125, 17922.408203125, 22422.130859375, 23776.62890625, 26429.2109375]","[Timestamp('2023-01-10 00:00:00'), Timestamp('2023-01-11 00:00:00'), Timestamp('2023-01-12 00:00:00'), Timestamp('2023-01-13 00:00:00'), Timestamp('2023-01-14 00:00:00'), Timestamp('2023-01-15 00:00:00'), Timestamp('2023-01-16 00:00:00')]"
Brazil,2023-01-11,"[26432.999999999996, 19070.000000000004, 22436.0, 4191.0, 3536.9999999999995, 12688.0, 24632.0]","[12131.6064453125, 12510.0537109375, 14751.0419921875, 14649.0546875, 18239.041015625, 20274.29296875, 22463.11328125]","[Timestamp('2023-01-11 00:00:00'), Timestamp('2023-01-12 00:00:00'), Timestamp('2023-01-13 00:00:00'), Timestamp('2023-01-14 00:00:00'), Timestamp('2023-01-15 00:00:00'), Timestamp('2023-01-16 00:00:00'), Timestamp('2023-01-17 00:00:00')]"
Brazil,2023-01-12,"[19070.000000000004, 22436.0, 4191.0, 3536.9999999999995, 12688.0, 24632.0, 12425.0]","[13515.1484375, 14728.9990234375, 16692.986328125, 16542.71875, 21848.021484375, 23384.0625, 25869.041015625]","[Timestamp('2023-01-12 00:00:00'), Timestamp('2023-01-13 00:00:00'), Timestamp('2023-01-14 00:00:00'), Timestamp('2023-01-15 00:00:00'), Timestamp('2023-01-16 00:00:00'), Timestamp('2023-01-17 00:00:00'), Timestamp('2023-01-18 00:00:00')]"
Brazil,2023-01-13,"[22436.0, 4191.0, 3536.9999999999995, 12688.0, 24632.0, 12425.0, 0.0]","[14010.7958984375, 16277.3173828125, 17707.689453125, 19619.3515625, 24111.234375, 24978.39453125, 28442.74609375]","[Timestamp('2023-01-13 00:00:00'), Timestamp('2023-01-14 00:00:00'), Timestamp('2023-01-15 00:00:00'), Timestamp('2023-01-16 00:00:00'), Timestamp('2023-01-17 00:00:00'), Timestamp('2023-01-18 00:00:00'), Timestamp('2023-01-19 00:00:00')]"
Brazil,2023-01-14,"[4191.0, 3536.9999999999995, 12688.0, 24632.0, 12425.0, 0.0, 35007.0]","[15878.115234375, 18512.67578125, 19590.44140625, 21337.109375, 26220.33984375, 27234.912109375, 30490.296875]","[Timestamp('2023-01-14 00:00:00'), Timestamp('2023-01-15 00:00:00'), Timestamp('2023-01-16 00:00:00'), Timestamp('2023-01-17 00:00:00'), Timestamp('2023-01-18 00:00:00'), Timestamp('2023-01-19 00:00:00'), Timestamp('2023-01-20 00:00:00')]"
Brazil,2023-01-15,"[3536.9999999999995, 12688.0, 24632.0, 12425.0, 0.0, 35007.0, 4650.0]","[15210.4130859375, 17056.3046875, 18507.17578125, 20087.591796875, 23842.775390625, 24965.5078125, 28237.177734375]","[Timestamp('2023-01-15 00:00:00'), Timestamp('2023-01-16 00:00:00'), Timestamp('2023-01-17 00:00:00'), Timestamp('2023-01-18 00:00:00'), Timestamp('2023-01-19 00:00:00'), Timestamp('2023-01-20 00:00:00'), Timestamp('2023-01-21 00:00:00')]"
Brazil,2023-01-16,"[12688.0, 24632.0, 12425.0, 0.0, 35007.0, 4650.0, 552.0]","[16900.951171875, 18636.046875, 20330.091796875, 20834.7578125, 24959.3671875, 26318.79296875, 29502.01953125]","[Timestamp('2023-01-16 00:00:00'), Timestamp('2023-01-17 00:00:00'), Timestamp('2023-01-18 00:00:00'), Timestamp('2023-01-19 00:00:00'), Timestamp('2023-01-20 00:00:00'), Timestamp('2023-01-21 00:00:00'), Timestamp('2023-01-22 00:00:00')]"
Brazil,2023-01-17,"[24632.0, 12425.0, 0.0, 35007.0, 4650.0, 552.0, 12860.0]","[14513.150390625, 15522.37109375, 17445.248046875, 17858.294921875, 21621.140625, 23052.4765625, 25634.353515625]","[Timestamp('2023-01-17 00:00:00'), Timestamp('2023-01-18 00:00:00'), Timestamp('2023-01-19 00:00:00'), Timestamp('2023-01-20 00:00:00'), Timestamp('2023-01-21 00:00:00'), Timestamp('2023-01-22 00:00:00'), Timestamp('2023-01-23 00:00:00')]"
Brazil,2023-01-18,"[12425.0, 0.0, 35007.0, 4650.0, 552.0, 12860.0, 20497.0]","[14983.623046875, 15820.3681640625, 17610.345703125, 17511.203125, 20944.591796875, 22865.466796875, 25285.880859375]","[Timestamp('2023-01-18 00:00:00'), Timestamp('2023-01-19 00:00:00'), Timestamp('2023-01-20 00:00:00'), Timestamp('2023-01-21 00:00:00'), Timestamp('2023-01-22 00:00:00'), Timestamp('2023-01-23 00:00:00'), Timestamp('2023-01-24 00:00:00')]"
Brazil,2023-01-19,"[0.0, 35007.0, 4650.0, 552.0, 12860.0, 20497.0, 17267.0]","[13020.1533203125, 13893.1826171875, 15438.189453125, 16095.875, 19676.5078125, 21174.32421875, 23247.193359375]","[Timestamp('2023-01-19 00:00:00'), Timestamp('2023-01-20 00:00:00'), Timestamp('2023-01-21 00:00:00'), Timestamp('2023-01-22 00:00:00'), Timestamp('2023-01-23 00:00:00'), Timestamp('2023-01-24 00:00:00'), Timestamp('2023-01-25 00:00:00')]"
Brazil,2023-01-20,"[35007.0, 4650.0, 552.0, 12860.0, 20497.0, 17267.0, 0.0]","[13900.3544921875, 14769.1220703125, 16552.408203125, 17038.36328125, 20143.80859375, 21996.224609375, 24005.814453125]","[Timestamp('2023-01-20 00:00:00'), Timestamp('2023-01-21 00:00:00'), Timestamp('2023-01-22 00:00:00'), Timestamp('2023-01-23 00:00:00'), Timestamp('2023-01-24 00:00:00'), Timestamp('2023-01-25 00:00:00'), Timestamp('2023-01-26 00:00:00')]"
Brazil,2023-01-21,"[4650.0, 552.0, 12860.0, 20497.0, 17267.0, 0.0, 22590.0]","[11616.7685546875, 12251.7763671875, 13857.4033203125, 14703.3984375, 18130.59375, 19652.837890625, 21139.09765625]","[Timestamp('2023-01-21 00:00:00'), Timestamp('2023-01-22 00:00:00'), Timestamp('2023-01-23 00:00:00'), Timestamp('2023-01-24 00:00:00'), Timestamp('2023-01-25 00:00:00'), Timestamp('2023-01-26 00:00:00'), Timestamp('2023-01-27 00:00:00')]"
Brazil,2023-01-22,"[552.0, 12860.0, 20497.0, 17267.0, 0.0, 22590.0, 0.0]","[12856.5732421875, 13550.1533203125, 14688.724609375, 15044.5087890625, 18673.06640625, 21137.01953125, 22717.953125]","[Timestamp('2023-01-22 00:00:00'), Timestamp('2023-01-23 00:00:00'), Timestamp('2023-01-24 00:00:00'), Timestamp('2023-01-25 00:00:00'), Timestamp('2023-01-26 00:00:00'), Timestamp('2023-01-27 00:00:00'), Timestamp('2023-01-28 00:00:00')]"
Brazil,2023-01-23,"[12860.0, 20497.0, 17267.0, 0.0, 22590.0, 0.0, 2994.0]","[11760.03515625, 12941.0498046875, 15246.177734375, 15292.3251953125, 18475.51953125, 20021.4375, 21629.775390625]","[Timestamp('2023-01-23 00:00:00'), Timestamp('2023-01-24 00:00:00'), Timestamp('2023-01-25 00:00:00'), Timestamp('2023-01-26 00:00:00'), Timestamp('2023-01-27 00:00:00'), Timestamp('2023-01-28 00:00:00'), Timestamp('2023-01-29 00:00:00')]"
Brazil,2023-01-24,"[20497.0, 17267.0, 0.0, 22590.0, 0.0, 2994.0, 13553.0]","[11061.0546875, 11858.6884765625, 14292.4619140625, 13723.5478515625, 16926.671875, 18569.599609375, 19861.44140625]","[Timestamp('2023-01-24 00:00:00'), Timestamp('2023-01-25 00:00:00'), Timestamp('2023-01-26 00:00:00'), Timestamp('2023-01-27 00:00:00'), Timestamp('2023-01-28 00:00:00'), Timestamp('2023-01-29 00:00:00'), Timestamp('2023-01-30 00:00:00')]"
Brazil,2023-01-25,"[17267.0, 0.0, 22590.0, 0.0, 2994.0, 13553.0, 16766.0]","[8404.1220703125, 8884.08984375, 10524.9765625, 10848.83203125, 14469.01953125, 15848.5087890625, 16883.5625]","[Timestamp('2023-01-25 00:00:00'), Timestamp('2023-01-26 00:00:00'), Timestamp('2023-01-27 00:00:00'), Timestamp('2023-01-28 00:00:00'), Timestamp('2023-01-29 00:00:00'), Timestamp('2023-01-30 00:00:00'), Timestamp('2023-01-31 00:00:00')]"
Brazil,2023-01-26,"[0.0, 22590.0, 0.0, 2994.0, 13553.0, 16766.0, 13363.0]","[8639.45703125, 9460.025390625, 10943.7431640625, 11127.9970703125, 15066.646484375, 16282.6416015625, 17330.26953125]","[Timestamp('2023-01-26 00:00:00'), Timestamp('2023-01-27 00:00:00'), Timestamp('2023-01-28 00:00:00'), Timestamp('2023-01-29 00:00:00'), Timestamp('2023-01-30 00:00:00'), Timestamp('2023-01-31 00:00:00'), Timestamp('2023-02-01 00:00:00')]"
Brazil,2023-01-27,"[22590.0, 0.0, 2994.0, 13553.0, 16766.0, 13363.0, 0.0]","[8319.7861328125, 9185.333984375, 10521.68359375, 11466.412109375, 15007.5869140625, 16100.0087890625, 17353.14453125]","[Timestamp('2023-01-27 00:00:00'), Timestamp('2023-01-28 00:00:00'), Timestamp('2023-01-29 00:00:00'), Timestamp('2023-01-30 00:00:00'), Timestamp('2023-01-31 00:00:00'), Timestamp('2023-02-01 00:00:00'), Timestamp('2023-02-02 00:00:00')]"
Brazil,2023-01-28,"[0.0, 2994.0, 13553.0, 16766.0, 13363.0, 0.0, 28340.0]","[8542.48046875, 9190.5234375, 10815.5947265625, 11143.912109375, 15202.1123046875, 16206.37890625, 17267.9140625]","[Timestamp('2023-01-28 00:00:00'), Timestamp('2023-01-29 00:00:00'), Timestamp('2023-01-30 00:00:00'), Timestamp('2023-01-31 00:00:00'), Timestamp('2023-02-01 00:00:00'), Timestamp('2023-02-02 00:00:00'), Timestamp('2023-02-03 00:00:00')]"
Brazil,2023-01-29,"[2994.0, 13553.0, 16766.0, 13363.0, 0.0, 28340.0, 1118.0]","[7885.34716796875, 8563.1142578125, 10015.8388671875, 10569.8232421875, 14257.4189453125, 15516.8564453125, 16694.244140625]","[Timestamp('2023-01-29 00:00:00'), Timestamp('2023-01-30 00:00:00'), Timestamp('2023-01-31 00:00:00'), Timestamp('2023-02-01 00:00:00'), Timestamp('2023-02-02 00:00:00'), Timestamp('2023-02-03 00:00:00'), Timestamp('2023-02-04 00:00:00')]"
Brazil,2023-01-30,"[13553.0, 16766.0, 13363.0, 0.0, 28340.0, 1118.0, 0.0]","[8510.1416015625, 9064.9755859375, 10876.53515625, 10931.5419921875, 14926.318359375, 16116.0908203125, 17302.224609375]","[Timestamp('2023-01-30 00:00:00'), Timestamp('2023-01-31 00:00:00'), Timestamp('2023-02-01 00:00:00'), Timestamp('2023-02-02 00:00:00'), Timestamp('2023-02-03 00:00:00'), Timestamp('2023-02-04 00:00:00'), Timestamp('2023-02-05 00:00:00')]"
Brazil,2023-01-31,"[16766.0, 13363.0, 0.0, 28340.0, 1118.0, 0.0, 11372.999999999998]","[7447.19921875, 7918.08544921875, 9561.8837890625, 9776.6669921875, 13785.7919921875, 15005.63671875, 16001.453125]","[Timestamp('2023-01-31 00:00:00'), Timestamp('2023-02-01 00:00:00'), Timestamp('2023-02-02 00:00:00'), Timestamp('2023-02-03 00:00:00'), Timestamp('2023-02-04 00:00:00'), Timestamp('2023-02-05 00:00:00'), Timestamp('2023-02-06 00:00:00')]"
Brazil,2023-02-01,"[13363.0, 0.0, 28340.0, 1118.0, 0.0, 11372.999999999998, 9217.0]","[7755.21875, 7835.21044921875, 9169.1142578125, 9222.6298828125, 13401.52734375, 14851.4150390625, 15746.73046875]","[Timestamp('2023-02-01 00:00:00'), Timestamp('2023-02-02 00:00:00'), Timestamp('2023-02-03 00:00:00'), Timestamp('2023-02-04 00:00:00'), Timestamp('2023-02-05 00:00:00'), Timestamp('2023-02-06 00:00:00'), Timestamp('2023-02-07 00:00:00')]"
Brazil,2023-02-02,"[0.0, 28340.0, 1118.0, 0.0, 11372.999999999998, 9217.0, 9692.0]","[7462.76318359375, 8130.744140625, 9281.6435546875, 9814.9775390625, 13786.1025390625, 15038.4931640625, 15994.6884765625]","[Timestamp('2023-02-02 00:00:00'), Timestamp('2023-02-03 00:00:00'), Timestamp('2023-02-04 00:00:00'), Timestamp('2023-02-05 00:00:00'), Timestamp('2023-02-06 00:00:00'), Timestamp('2023-02-07 00:00:00'), Timestamp('2023-02-08 00:00:00')]"
Brazil,2023-02-03,"[28340.0, 1118.0, 0.0, 11372.999999999998, 9217.0, 9692.0, 7518.0]","[7934.16064453125, 8249.5703125, 9701.3740234375, 10275.92578125, 13778.72265625, 15162.3916015625, 16023.4296875]","[Timestamp('2023-02-03 00:00:00'), Timestamp('2023-02-04 00:00:00'), Timestamp('2023-02-05 00:00:00'), Timestamp('2023-02-06 00:00:00'), Timestamp('2023-02-07 00:00:00'), Timestamp('2023-02-08 00:00:00'), Timestamp('2023-02-09 00:00:00')]"
Brazil,2023-02-04,"[1118.0, 0.0, 11372.999999999998, 9217.0, 9692.0, 7518.0, 12422.0]","[7468.37939453125, 7848.720703125, 9291.4375, 9630.1865234375, 13814.1357421875, 14840.3134765625, 15743.3203125]","[Timestamp('2023-02-04 00:00:00'), Timestamp('2023-02-05 00:00:00'), Timestamp('2023-02-06 00:00:00'), Timestamp('2023-02-07 00:00:00'), Timestamp('2023-02-08 00:00:00'), Timestamp('2023-02-09 00:00:00'), Timestamp('2023-02-10 00:00:00')]"
Brazil,2023-02-05,"[0.0, 11372.999999999998, 9217.0, 9692.0, 7518.0, 12422.0, 12715.999999999998]","[7619.76953125, 7912.7666015625, 9226.8056640625, 9658.36328125, 13728.3125, 15073.703125, 16020.5986328125]","[Timestamp('2023-02-05 00:00:00'), Timestamp('2023-02-06 00:00:00'), Timestamp('2023-02-07 00:00:00'), Timestamp('2023-02-08 00:00:00'), Timestamp('2023-02-09 00:00:00'), Timestamp('2023-02-10 00:00:00'), Timestamp('2023-02-11 00:00:00')]"
Brazil,2023-02-06,"[11372.999999999998, 9217.0, 9692.0, 7518.0, 12422.0, 12715.999999999998, 2491.0]","[7889.79931640625, 8499.2734375, 10139.4658203125, 10430.849609375, 14616.1328125, 15631.4072265625, 16907.654296875]","[Timestamp('2023-02-06 00:00:00'), Timestamp('2023-02-07 00:00:00'), Timestamp('2023-02-08 00:00:00'), Timestamp('2023-02-09 00:00:00'), Timestamp('2023-02-10 00:00:00'), Timestamp('2023-02-11 00:00:00'), Timestamp('2023-02-12 00:00:00')]"
Brazil,2023-02-07,"[9217.0, 9692.0, 7518.0, 12422.0, 12715.999999999998, 2491.0, 20662.0]","[7353.84326171875, 7655.81298828125, 9265.1181640625, 9473.734375, 13916.685546875, 15041.7373046875, 15914.986328125]","[Timestamp('2023-02-07 00:00:00'), Timestamp('2023-02-08 00:00:00'), Timestamp('2023-02-09 00:00:00'), Timestamp('2023-02-10 00:00:00'), Timestamp('2023-02-11 00:00:00'), Timestamp('2023-02-12 00:00:00'), Timestamp('2023-02-13 00:00:00')]"
Brazil,2023-02-08,"[9692.0, 7518.0, 12422.0, 12715.999999999998, 2491.0, 20662.0, 0.0]","[7144.3525390625, 7133.33740234375, 8430.095703125, 8588.2119140625, 12955.1572265625, 14208.6201171875, 15243.9873046875]","[Timestamp('2023-02-08 00:00:00'), Timestamp('2023-02-09 00:00:00'), Timestamp('2023-02-10 00:00:00'), Timestamp('2023-02-11 00:00:00'), Timestamp('2023-02-12 00:00:00'), Timestamp('2023-02-13 00:00:00'), Timestamp('2023-02-14 00:00:00')]"
Brazil,2023-02-09,"[7518.0, 12422.0, 12715.999999999998, 2491.0, 20662.0, 0.0, 17948.0]","[7025.3642578125, 7389.95263671875, 8517.935546875, 8902.484375, 13336.7939453125, 14466.544921875, 15349.2763671875]","[Timestamp('2023-02-09 00:00:00'), Timestamp('2023-02-10 00:00:00'), Timestamp('2023-02-11 00:00:00'), Timestamp('2023-02-12 00:00:00'), Timestamp('2023-02-13 00:00:00'), Timestamp('2023-02-14 00:00:00'), Timestamp('2023-02-15 00:00:00')]"
Brazil,2023-02-10,"[12422.0, 12715.999999999998, 2491.0, 20662.0, 0.0, 17948.0, 0.0]","[7209.9794921875, 7181.27294921875, 8406.3212890625, 8894.8896484375, 12866.45703125, 14243.84765625, 15072.0322265625]","[Timestamp('2023-02-10 00:00:00'), Timestamp('2023-02-11 00:00:00'), Timestamp('2023-02-12 00:00:00'), Timestamp('2023-02-13 00:00:00'), Timestamp('2023-02-14 00:00:00'), Timestamp('2023-02-15 00:00:00'), Timestamp('2023-02-16 00:00:00')]"
Brazil,2023-02-11,"[12715.999999999998, 2491.0, 20662.0, 0.0, 17948.0, 0.0, 0.0]","[6972.86669921875, 7135.23291015625, 8308.3251953125, 8757.3056640625, 12951.0517578125, 14135.384765625, 14943.3115234375]","[Timestamp('2023-02-11 00:00:00'), Timestamp('2023-02-12 00:00:00'), Timestamp('2023-02-13 00:00:00'), Timestamp('2023-02-14 00:00:00'), Timestamp('2023-02-15 00:00:00'), Timestamp('2023-02-16 00:00:00'), Timestamp('2023-02-17 00:00:00')]"
Brazil,2023-02-12,"[2491.0, 20662.0, 0.0, 17948.0, 0.0, 0.0, 17169.0]","[7084.06787109375, 6925.068359375, 8322.5302734375, 8790.0791015625, 12724.3818359375, 13973.4921875, 14776.6865234375]","[Timestamp('2023-02-12 00:00:00'), Timestamp('2023-02-13 00:00:00'), Timestamp('2023-02-14 00:00:00'), Timestamp('2023-02-15 00:00:00'), Timestamp('2023-02-16 00:00:00'), Timestamp('2023-02-17 00:00:00'), Timestamp('2023-02-18 00:00:00')]"
Brazil,2023-02-13,"[20662.0, 0.0, 17948.0, 0.0, 0.0, 17169.0, 0.0]","[7312.26123046875, 7542.08544921875, 8685.611328125, 9408.5869140625, 13389.033203125, 14558.45703125, 15526.724609375]","[Timestamp('2023-02-13 00:00:00'), Timestamp('2023-02-14 00:00:00'), Timestamp('2023-02-15 00:00:00'), Timestamp('2023-02-16 00:00:00'), Timestamp('2023-02-17 00:00:00'), Timestamp('2023-02-18 00:00:00'), Timestamp('2023-02-19 00:00:00')]"
Brazil,2023-02-14,"[0.0, 17948.0, 0.0, 0.0, 17169.0, 0.0, 0.0]","[7047.2998046875, 6931.26611328125, 8242.9189453125, 8923.4619140625, 12945.162109375, 14243.724609375, 15100.3056640625]","[Timestamp('2023-02-14 00:00:00'), Timestamp('2023-02-15 00:00:00'), Timestamp('2023-02-16 00:00:00'), Timestamp('2023-02-17 00:00:00'), Timestamp('2023-02-18 00:00:00'), Timestamp('2023-02-19 00:00:00'), Timestamp('2023-02-20 00:00:00')]"
Brazil,2023-02-15,"[17948.0, 0.0, 0.0, 17169.0, 0.0, 0.0, 0.0]","[7080.98486328125, 7305.99951171875, 8304.3486328125, 9026.2646484375, 13229.39453125, 14399.14453125, 15406.9794921875]","[Timestamp('2023-02-15 00:00:00'), Timestamp('2023-02-16 00:00:00'), Timestamp('2023-02-17 00:00:00'), Timestamp('2023-02-18 00:00:00'), Timestamp('2023-02-19 00:00:00'), Timestamp('2023-02-20 00:00:00'), Timestamp('2023-02-21 00:00:00')]"
Brazil,2023-02-16,"[0.0, 0.0, 17169.0, 0.0, 0.0, 0.0, 9646.0]","[6931.35107421875, 7026.4921875, 8326.2158203125, 8984.6171875, 13267.375, 14363.4453125, 15406.0009765625]","[Timestamp('2023-02-16 00:00:00'), Timestamp('2023-02-17 00:00:00'), Timestamp('2023-02-18 00:00:00'), Timestamp('2023-02-19 00:00:00'), Timestamp('2023-02-20 00:00:00'), Timestamp('2023-02-21 00:00:00'), Timestamp('2023-02-22 00:00:00')]"
Brazil,2023-02-17,"[0.0, 17169.0, 0.0, 0.0, 0.0, 9646.0, 11616.0]","[6977.98193359375, 7347.81494140625, 8376.1689453125, 9044.4951171875, 13264.0595703125, 14454.3173828125, 15542.869140625]","[Timestamp('2023-02-17 00:00:00'), Timestamp('2023-02-18 00:00:00'), Timestamp('2023-02-19 00:00:00'), Timestamp('2023-02-20 00:00:00'), Timestamp('2023-02-21 00:00:00'), Timestamp('2023-02-22 00:00:00'), Timestamp('2023-02-23 00:00:00')]"
Brazil,2023-02-18,"[17169.0, 0.0, 0.0, 0.0, 9646.0, 11616.0, 11587.0]","[6596.9375, 6760.3193359375, 7929.83251953125, 8507.1376953125, 12869.2529296875, 13961.990234375, 14915.705078125]","[Timestamp('2023-02-18 00:00:00'), Timestamp('2023-02-19 00:00:00'), Timestamp('2023-02-20 00:00:00'), Timestamp('2023-02-21 00:00:00'), Timestamp('2023-02-22 00:00:00'), Timestamp('2023-02-23 00:00:00'), Timestamp('2023-02-24 00:00:00')]"
Brazil,2023-02-19,"[0.0, 0.0, 0.0, 9646.0, 11616.0, 11587.0, 0.0]","[6686.1259765625, 6560.02001953125, 7937.06787109375, 8127.892578125, 12794.6376953125, 13843.1396484375, 14555.8857421875]","[Timestamp('2023-02-19 00:00:00'), Timestamp('2023-02-20 00:00:00'), Timestamp('2023-02-21 00:00:00'), Timestamp('2023-02-22 00:00:00'), Timestamp('2023-02-23 00:00:00'), Timestamp('2023-02-24 00:00:00'), Timestamp('2023-02-25 00:00:00')]"
Brazil,2023-02-20,"[0.0, 0.0, 9646.0, 11616.0, 11587.0, 0.0, 0.0]","[6505.69921875, 6210.96826171875, 7628.49072265625, 7682.0400390625, 12153.763671875, 13267.1767578125, 14105.884765625]","[Timestamp('2023-02-20 00:00:00'), Timestamp('2023-02-21 00:00:00'), Timestamp('2023-02-22 00:00:00'), Timestamp('2023-02-23 00:00:00'), Timestamp('2023-02-24 00:00:00'), Timestamp('2023-02-25 00:00:00'), Timestamp('2023-02-26 00:00:00')]"
Brazil,2023-02-21,"[0.0, 9646.0, 11616.0, 11587.0, 0.0, 0.0, 17699.0]","[6654.69140625, 6641.96875, 8025.3623046875, 8252.3876953125, 12860.4375, 13923.255859375, 14757.3525390625]","[Timestamp('2023-02-21 00:00:00'), Timestamp('2023-02-22 00:00:00'), Timestamp('2023-02-23 00:00:00'), Timestamp('2023-02-24 00:00:00'), Timestamp('2023-02-25 00:00:00'), Timestamp('2023-02-26 00:00:00'), Timestamp('2023-02-27 00:00:00')]"
Brazil,2023-02-22,"[9646.0, 11616.0, 11587.0, 0.0, 0.0, 17699.0, 14706.0]","[6246.51416015625, 5892.24267578125, 7339.45849609375, 7354.26513671875, 12097.37890625, 13284.748046875, 13932.939453125]","[Timestamp('2023-02-22 00:00:00'), Timestamp('2023-02-23 00:00:00'), Timestamp('2023-02-24 00:00:00'), Timestamp('2023-02-25 00:00:00'), Timestamp('2023-02-26 00:00:00'), Timestamp('2023-02-27 00:00:00'), Timestamp('2023-02-28 00:00:00')]"
Brazil,2023-02-23,"[11616.0, 11587.0, 0.0, 0.0, 17699.0, 14706.0, 10528.0]","[6214.6259765625, 5509.74951171875, 6907.580078125, 6930.9111328125, 11476.806640625, 12897.1484375, 13470.2607421875]","[Timestamp('2023-02-23 00:00:00'), Timestamp('2023-02-24 00:00:00'), Timestamp('2023-02-25 00:00:00'), Timestamp('2023-02-26 00:00:00'), Timestamp('2023-02-27 00:00:00'), Timestamp('2023-02-28 00:00:00'), Timestamp('2023-03-01 00:00:00')]"
Brazil,2023-02-24,"[11587.0, 0.0, 0.0, 17699.0, 14706.0, 10528.0, 0.0]","[5968.94091796875, 5585.88330078125, 6405.28955078125, 6396.44140625, 11359.201171875, 12811.3115234375, 13319.33984375]","[Timestamp('2023-02-24 00:00:00'), Timestamp('2023-02-25 00:00:00'), Timestamp('2023-02-26 00:00:00'), Timestamp('2023-02-27 00:00:00'), Timestamp('2023-02-28 00:00:00'), Timestamp('2023-03-01 00:00:00'), Timestamp('2023-03-02 00:00:00')]"
Brazil,2023-02-25,"[0.0, 0.0, 17699.0, 14706.0, 10528.0, 0.0, 17745.0]","[6172.36181640625, 5861.49951171875, 6877.2275390625, 6880.4931640625, 11298.97265625, 12698.513671875, 13017.9990234375]","[Timestamp('2023-02-25 00:00:00'), Timestamp('2023-02-26 00:00:00'), Timestamp('2023-02-27 00:00:00'), Timestamp('2023-02-28 00:00:00'), Timestamp('2023-03-01 00:00:00'), Timestamp('2023-03-02 00:00:00'), Timestamp('2023-03-03 00:00:00')]"
Brazil,2023-02-26,"[0.0, 17699.0, 14706.0, 10528.0, 0.0, 17745.0, 0.0]","[5664.37646484375, 5681.1435546875, 7187.19970703125, 6750.6494140625, 11427.3994140625, 12383.5673828125, 12683.0009765625]","[Timestamp('2023-02-26 00:00:00'), Timestamp('2023-02-27 00:00:00'), Timestamp('2023-02-28 00:00:00'), Timestamp('2023-03-01 00:00:00'), Timestamp('2023-03-02 00:00:00'), Timestamp('2023-03-03 00:00:00'), Timestamp('2023-03-04 00:00:00')]"
Brazil,2023-02-27,"[17699.0, 14706.0, 10528.0, 0.0, 17745.0, 0.0, 0.0]","[6128.9013671875, 5713.8251953125, 7967.734375, 6911.27099609375, 11451.9560546875, 12048.9130859375, 12457.4775390625]","[Timestamp('2023-02-27 00:00:00'), Timestamp('2023-02-28 00:00:00'), Timestamp('2023-03-01 00:00:00'), Timestamp('2023-03-02 00:00:00'), Timestamp('2023-03-03 00:00:00'), Timestamp('2023-03-04 00:00:00'), Timestamp('2023-03-05 00:00:00')]"
Brazil,2023-02-28,"[14706.0, 10528.0, 0.0, 17745.0, 0.0, 0.0, 0.0]","[5168.42724609375, 4988.4248046875, 6526.93115234375, 6020.4716796875, 10764.6015625, 11740.3974609375, 11942.759765625]","[Timestamp('2023-02-28 00:00:00'), Timestamp('2023-03-01 00:00:00'), Timestamp('2023-03-02 00:00:00'), Timestamp('2023-03-03 00:00:00'), Timestamp('2023-03-04 00:00:00'), Timestamp('2023-03-05 00:00:00'), Timestamp('2023-03-06 00:00:00')]"
Brazil,2023-03-01,"[10528.0, 0.0, 17745.0, 0.0, 0.0, 0.0, 0.0]","[5765.853515625, 5138.32177734375, 6976.953125, 6100.12646484375, 10811.3203125, 11662.5732421875, 12047.8056640625]","[Timestamp('2023-03-01 00:00:00'), Timestamp('2023-03-02 00:00:00'), Timestamp('2023-03-03 00:00:00'), Timestamp('2023-03-04 00:00:00'), Timestamp('2023-03-05 00:00:00'), Timestamp('2023-03-06 00:00:00'), Timestamp('2023-03-07 00:00:00')]"
Brazil,2023-03-02,"[0.0, 17745.0, 0.0, 0.0, 0.0, 0.0, 0.0]","[5607.32421875, 6098.09228515625, 7149.849609375, 7405.52978515625, 11989.853515625, 12817.0908203125, 13408.2841796875]","[Timestamp('2023-03-02 00:00:00'), Timestamp('2023-03-03 00:00:00'), Timestamp('2023-03-04 00:00:00'), Timestamp('2023-03-05 00:00:00'), Timestamp('2023-03-06 00:00:00'), Timestamp('2023-03-07 00:00:00'), Timestamp('2023-03-08 00:00:00')]"
Brazil,2023-03-03,"[17745.0, 0.0, 0.0, 0.0, 0.0, 0.0, 0.0]","[6295.40234375, 6190.13427734375, 7633.99560546875, 7891.66748046875, 12104.03515625, 12974.126953125, 13596.7177734375]","[Timestamp('2023-03-03 00:00:00'), Timestamp('2023-03-04 00:00:00'), Timestamp('2023-03-05 00:00:00'), Timestamp('2023-03-06 00:00:00'), Timestamp('2023-03-07 00:00:00'), Timestamp('2023-03-08 00:00:00'), Timestamp('2023-03-09 00:00:00')]"
