model,country,W,F,target_var,MAE_global,RMSE_global,sMAPE_global,MAE_mean,MAE_median,MAE_p25,MAE_p75,MAE_std,MAE_min,MAE_max,RMSE_mean,RMSE_median,RMSE_p25,RMSE_p75,RMSE_std,RMSE_min,RMSE_max,sMAPE_mean,sMAPE_median,sMAPE_p25,sMAPE_p75,sMAPE_std,sMAPE_min,sMAPE_max,exog_vars
lstm,Australia,14,7,new_cases,14951.30479333436,17734.218345875935,132.749902670164,14951.304793334362,14199.4462890625,11136.835518973214,18959.202043805803,5405.144268728531,4104.677036830357,26719.272600446428,16537.931242084152,15011.728705135758,12176.363552412518,20090.25848572969,6403.071963620239,4486.468949834791,29361.45743611664,132.74990267016398,139.91065416391146,121.69354586546356,156.01148163245486,33.67659451074823,31.01811351437708,184.63469266165097,death_all
lstm,Australia,14,7,new_cases,9406.912973049239,14636.665624333888,119.64932347999877,9406.912973049237,6980.034458705357,4962.834010532924,13417.809605189732,6141.060522356286,1506.0269252232142,24688.166015625,12431.96108455888,9511.395714455663,6634.210296700749,18321.6525241668,7725.174702915843,1802.431101591948,27884.950363590982,119.64932347999877,123.50791054857524,101.6712533762949,141.27432864191482,42.952402360018745,14.179998573704221,200,death_mobility
lstm,Australia,14,7,new_cases,16049.43465834259,19654.976272229513,136.5097008314532,16049.434658342587,11951.417096819197,8803.840872628349,22478.485770089286,9403.114976663224,4317.576450892857,39460.27232142857,17384.17334783645,12630.655721575602,10415.922812811381,23610.31922777075,9171.074597574594,5555.292190251758,39498.40502330366,136.5097008314532,142.1988186720027,120.01007923565791,151.25179525565432,36.570352133248356,29.784783231156265,200,death_recovered
lstm,Australia,14,7,new_cases,21854.872593621316,24914.795751532478,148.25055068238956,21854.872593621316,18234.206891741072,15091.645193917411,29510.3388671875,10052.752299233416,3627.914119175502,43101.80747767857,22863.27719175822,19650.38295854212,15900.295053166195,29985.882521932144,9900.38400232078,4331.4927126641505,43662.300419780186,148.25055068238956,150.7106285216206,137.40678576780212,157.27436615794295,22.261500938362783,97.47314284741798,200,death_stringency
lstm,Australia,14,7,new_cases,13038.718528584306,18120.52248425123,145.2052106545327,13038.718528584306,11590.563685825891,7311.884207589286,17659.360458374023,7421.853570904731,1432.2356480189733,40297.409877232145,15997.042250644692,13037.326228020745,9649.218877991112,21753.432049140745,8511.637582354108,1958.3841482486596,42142.58163465117,145.2052106545327,146.3346118585083,117.56728977485227,175.34315790116705,39.13612886747794,25.536075980844096,200,no_exog
lstm,Australia,21,7,new_cases,15539.278464231194,18184.331523175228,133.69790453908755,15539.278464231193,14983.117815290178,11620.744942801339,19430.76266043527,5639.478814222757,4337.336216517857,27213.47628348214,17015.522522697273,15911.966957608332,12590.82109730031,20891.594679490125,6414.195680233514,4803.244319882348,29855.782675391467,133.69790453908755,141.6557708877856,122.47953259931948,155.6474580759418,32.731045995779,32.229011301136865,182.95807115316654,death_all
lstm,Australia,21,7,new_cases,9444.245814603733,14819.009066168946,121.75684402871299,9444.245814603733,6619.4741123744425,4855.110148838588,13406.262032645089,6047.4955099032195,2407.4005998883927,24465.108258928572,12744.204067561122,9684.319620699716,7212.995687675558,18272.50249907845,7562.2941219947215,2784.1919800028463,29259.66496701437,121.75684402871299,123.61147604959706,99.3630744097616,141.80319084115666,42.075024086265444,23.781809321059384,200,death_mobility
lstm,Australia,21,7,new_cases,14261.491757222193,18380.813499770655,147.37434853794736,14261.491757222191,11241.079136439732,8137.366402762277,20462.471261160714,7287.702234575488,4504.836417061942,31842.794921875,16741.94327622133,14676.12555568987,10290.161897877148,23555.570044993496,7586.938793027042,5212.708312640261,32421.492958483817,147.37434853794736,142.77355200156876,120.22254693130981,176.908556412138,33.98199690515892,81.41668682531163,200,death_recovered
lstm,Australia,21,7,new_cases,12621.98338864893,18024.70176239935,150.01334196952754,12621.983388648927,10816.608154296875,6985.7852783203125,17975.992553710938,6348.167864556291,3271.888611657279,29081.12039620536,16247.241424148959,14162.157825654045,9524.959548132434,22813.74881053735,7804.935600558172,3741.089875356103,34023.60188243554,150.01334196952754,140.91629938114806,114.2959993040552,200,42.602698428481496,67.09871732824382,200,death_stringency
lstm,Australia,21,7,new_cases,17728.361536581135,24895.90153098184,163.37537948972528,17728.361536581135,15884.770839146206,7925.939147949219,22621.953805106026,11821.165974008825,3728.3330372401647,50844.88002232143,21843.152117658654,20706.20547275534,10594.64106540809,29404.094635447564,11944.982988902419,4724.758527655677,52156.47871200861,163.37537948972528,197.51540342323256,121.71274982295165,200,43.971879255849764,55.351626312967284,200,no_exog
lstm,Australia,28,14,new_cases,18515.948739689167,21682.884657328275,138.32900717977873,18515.948739689164,18645.688581194197,12944.802455357143,23679.444719587053,6505.4700663291605,7476.403738839285,29536.544921875,20630.15112230612,20856.272352932236,14544.52706640165,25874.360169068776,6674.155507164449,9762.230291491718,32322.162983546357,138.3290071797787,140.78852703312555,130.45855564311137,157.69473794174985,28.18347687767776,49.049163662646755,177.9759621844926,death_all
lstm,Australia,28,14,new_cases,11202.566465918066,16185.184823232106,120.72319315634019,11202.566465918067,10688.727416992188,7399.210806710379,13954.341055733817,4555.3506745615605,4204.937552315848,22768.803780691964,14853.900205695956,13091.092593941396,9697.573550050913,18678.53486799496,6428.207871670658,5622.363034085609,29167.698411063728,120.72319315634019,124.22428715446934,93.09247431077884,146.97403213538263,34.89356793366093,35.5770274569752,180.80380744490284,death_mobility
lstm,Australia,28,14,new_cases,31145.722995286702,39090.496563757995,153.22669259401061,31145.722995286702,25278.403041294645,16218.382472446987,42768.50526646205,19313.143208209003,5300.103428431919,72977.18415178571,33960.90554139991,28476.271465314265,19027.5753268189,46509.08370848565,19357.784387922315,7097.5068584889295,78406.86914283007,153.22669259401061,152.82291147875816,138.66154620188792,165.57855181260902,20.921198145102814,104.7109302100321,200,death_recovered
lstm,Australia,28,14,new_cases,13104.767868264262,17751.34338530297,140.22521630237856,13104.767868264262,10159.159954616003,6808.964935302734,19131.806675502234,6996.127507630028,3235.2368687220983,28857.757254464286,16165.842254375568,15496.541767205075,9614.780076824425,21860.682306181192,7333.194132817223,4449.381460022199,31082.000244537867,140.22521630237853,138.83755138304588,120.19167954802609,166.20905938292717,39.426016303720026,34.81234385952862,200,death_stringency
lstm,Australia,28,14,new_cases,55316.22478869083,77050.36585588848,178.52132976969847,55316.22478869083,27676.037806919645,17322.62828063965,92184.35518973214,45904.099717248624,5288.715585981096,150214.48032924108,60610.20190657654,31661.756881099613,23357.32885470806,96466.04187348983,47572.70544514251,9824.198578776159,162696.10954087274,178.5213297696984,200,154.07112659177426,200,35.66485509343849,85.18945827491586,200,no_exog
lstm,Australia,56,28,new_cases,20925.40467972278,23001.470820521292,146.61829640403005,20925.404679722786,20034.67796107701,15928.207153320312,25746.132516043526,5685.708593417693,11008.114868164062,33464.287109375,22249.625142139714,21321.101519000436,17293.281503826227,27598.16059789228,5832.824439459551,12435.222331038054,34910.20977092971,146.61829640403008,146.6687173587778,133.90341682598583,158.60149026288389,16.62740832105665,114.2799064773923,172.52587371043643,death_all
lstm,Australia,56,28,new_cases,50639.30525976723,54264.83005920196,164.73975507207223,50639.30525976722,50475.191057477685,46683.70418875558,57416.56305803571,9146.398743715466,27478.73957170759,76562.60881696429,53524.97293143837,53774.479978776864,49899.70296401721,60073.49753817846,8930.232586156837,30531.314108985476,78494.15835227954,164.73975507207223,161.70223148378648,155.91518268978712,174.27548958186898,12.118501546273217,145.70290940019018,187.13255475799872,death_mobility
lstm,Australia,56,28,new_cases,20692.213401343044,27033.181684829924,152.95113821524384,20692.21340134304,17930.06950378418,12336.410246712821,28979.99607685634,10088.073148665402,3917.634538922991,45000.00299944197,24773.85298907826,22996.620082909525,14892.924615553336,32905.05672830892,10818.924164655304,5632.981752306381,48283.64460016594,152.95113821524384,145.78039951755468,134.09230124607515,183.54328458301802,31.111111935365564,66.9836759067482,200,death_recovered
lstm,Australia,56,28,new_cases,44712.982530515575,48257.92028637912,161.83940380814104,44712.98253051557,42121.029122488835,37724.44081333706,51252.76738630023,10889.432106789247,24746.76492745536,77974.12095424107,47077.800879835806,44363.37098828168,39933.382029454704,53878.769026802285,10606.956900310865,26901.443204218605,79373.88422257116,161.83940380814104,163.07802742480385,148.6305675772464,173.59193193752196,15.518155001130186,130.17738896418538,189.41711863363827,death_stringency
lstm,Australia,56,28,new_cases,28311.259346620398,33336.403268693066,151.4696551379136,28311.259346620398,27804.496686662947,25182.424049982004,30182.7117527553,4214.5977076993195,21668.342219761438,41171.873325892855,33099.17653078472,32610.317043101262,30123.851368857388,34705.52191990845,3969.9239132355597,27521.345093818687,45586.48681681404,151.46965513791363,151.3927927237545,138.9563425708983,162.01338012707953,15.228138614830863,121.44038816122224,180.23423980502716,no_exog
lstm,Brazil,14,7,new_cases,19178.835008392583,26011.075410724356,120.9273178644747,19178.835008392587,13909.637625558036,10074.601266043526,26221.448869977678,12609.481667009604,4537.567461286272,53660.09375,21866.175975324266,15835.373713926183,11458.508466202293,31582.863417568256,14087.100206875122,5765.214137909096,60716.87777809435,120.9273178644747,120.23348091736236,104.84167813230883,139.9910870437596,24.317292274033043,58.74893425622457,175.63868197313658,death_all
lstm,Brazil,14,7,new_cases,13147.51810441855,20376.97303585745,141.54023084006343,13147.518104418554,9523.79618181501,7318.626159667969,17081.706495012557,9007.795006372373,1969.5969456263952,49269.76088169643,16915.669497462844,12653.839939266625,9387.210163065354,22794.427080147594,11361.388804044454,2762.841202261918,62558.69525134532,141.5402308400634,147.91697059871393,108.71215248232912,178.13091533945138,38.91448505515847,37.03747912210971,199.80470880792654,death_mobility
lstm,Brazil,14,7,new_cases,14291.821985229091,20710.53827082528,119.789611872058,14291.821985229093,10973.992202758789,7273.228812081474,17829.25631277902,10270.990193620939,2758.625653948103,50356.750279017855,17013.230324160824,12983.945124778478,8307.61279348117,22177.209131815493,11810.012252507326,3699.3111234647777,56478.355626372184,119.78961187205802,116.39026077032572,100.15995554412058,139.539518270087,28.710557303553426,44.61029814635765,186.5369901927183,death_recovered
lstm,Brazil,14,7,new_cases,24706.85009204382,29350.95102494536,125.5888538599049,24706.85009204382,20873.129324776786,17142.52814592634,30045.582589285714,10101.486394877322,10208.73911830357,57003.77344,27203.9222805228,22969.729380086945,18463.530745608296,33562.376930466125,11019.298463333167,12660.868434523747,57613.573817584955,125.58885385990492,124.23294613385454,113.96043260139254,138.04315367684444,19.0977613318881,66.19619780922535,168.66622771970447,death_stringency
lstm,Brazil,14,7,new_cases,13494.370034380696,19997.32729629992,121.02299551748092,13494.370034380692,10036.576049804688,6922.554617745535,16946.81392996652,9676.166639661205,2467.488603864397,48094.4951171875,16397.22990336899,12327.87795681139,8107.172102308427,21957.245797456126,11446.569376516423,3467.284294097461,59499.69779721566,121.02299551748094,117.98797986646494,100.71984687589918,142.61364757335315,29.795889497123543,42.69238165985851,188.2478851591706,no_exog
lstm,Brazil,21,7,new_cases,17262.458333977338,22764.13838430875,120.62316161669173,17262.458333977338,13501.603236607143,10011.394670758928,23827.24532645089,10542.075562176411,4046.3255184037343,52796.13225446428,19530.528399227467,15135.273714789306,11262.353222449707,27791.264494708972,11694.633676474372,5490.53413148258,56411.67264029084,120.62316161669172,120.23109423741226,104.90142919126309,139.07482975376644,24.016092036341174,62.819970497403446,169.40697966005882,death_all
lstm,Brazil,21,7,new_cases,13255.395088733025,19747.970660120845,130.3532983993989,13255.395088733027,9592.589896065849,6733.2972120557515,16342.510253906248,9505.158668999315,2853.5057879856654,47423.09263392857,16280.848732731672,11978.670712329831,8418.754845255571,22082.048067914675,11176.596518390705,3595.7749769014376,58118.2253914112,130.35329839939894,132.51090930885056,101.88387614477372,163.4518410985985,37.61520154447479,32.75778905596393,195.43202852828813,death_mobility
lstm,Brazil,21,7,new_cases,15153.471702437879,20869.364214731315,116.63979167728206,15153.471702437877,11016.717145647322,8373.484741210938,17037.867680140902,10087.61287825143,4764.029715401785,51312.775669642855,17515.0892514596,12864.244136468958,9759.758642938248,22587.85698789719,11346.894343410107,5328.08945082077,58365.99909281604,116.63979167728206,115.469565067307,98.99604656182572,134.22822083077097,26.133755939099075,47.84230609194318,172.079266428857,death_recovered
lstm,Brazil,21,7,new_cases,16029.647175104552,21352.03381932466,116.11748999010578,16029.647175104552,12093.206263950891,9482.742815290178,18157.336181640625,9574.516769519942,5933.316336495535,51176.80357142857,18453.901867042594,13599.874467720572,11055.057355660432,24059.78253058736,10740.71013030078,6625.890297309935,57745.00771779322,116.11748999010581,116.26624521727516,97.49895414075239,135.06900362806516,25.62867398837315,54.76506487991335,170.59003959851876,death_stringency
lstm,Brazil,21,7,new_cases,16392.52507111748,21278.024744891878,118.62125826119467,16392.52507111748,12912.054966517857,10896.557094029018,19857.562133789062,8212.588197563058,7150.771065848215,49804.97405133928,18892.211358659522,14491.360322203553,12288.028606768235,23344.07865898852,9789.723541753727,7875.4339323295635,56440.10806209394,118.62125826119468,119.40208711025355,102.7527119631768,135.55849123108686,24.048742381313776,55.324828612194906,168.96962341769378,no_exog
lstm,Brazil,28,14,new_cases,15378.433668307875,21589.56138976184,130.14156382777483,15378.433668307875,10953.055698939732,8583.74685886928,21825.456612723214,9441.987873697815,5095.809783935547,40639.829380580355,18520.853452004023,13002.524829250644,10254.379159082195,26442.85932275098,11094.464764542992,6762.21835461327,48088.54121238692,130.1415638277748,131.03878213700227,104.86952879838907,150.55279281506895,28.896545096143342,70.67619593290664,194.40000748777913,death_all
lstm,Brazil,28,14,new_cases,14299.592531271364,20901.49104335572,141.48638814529673,14299.592531271364,10203.447604179382,7481.06722341265,19539.84401811872,9135.286419728667,4734.494419642857,38732.87004743303,17915.47648158672,12877.994525351529,9590.56282439514,24972.37657422231,10766.059180275417,6070.787150310697,45820.71097377182,141.48638814529673,142.25793317222022,112.62182181183482,172.668786542394,33.63857757158361,72.83109997842917,198.2900159957914,death_mobility
lstm,Brazil,28,14,new_cases,15080.179985663379,21252.000032777203,124.16827154667409,15080.179985663377,10617.762642996651,7914.527369907924,19923.14573451451,10144.611789041033,4922.113368443081,43925.92438616072,17793.805498247148,12480.075937173515,9143.777649029205,24372.431061306437,11620.154529252695,6096.202137891918,48403.183239799946,124.16827154667408,126.412268124613,113.13169565420594,136.82695218062062,19.09927351002916,74.88115808015581,189.75406956245843,death_recovered
lstm,Brazil,28,14,new_cases,14661.090441598877,20515.284641776634,127.86236184567716,14661.090441598879,10458.028647286552,8122.593598502022,19501.5966998509,8873.25591306098,5619.247942243303,39500.59528459822,17548.611824861648,12310.955019983761,9625.122150603347,24377.564385997597,10626.5293936187,6588.85038172782,48190.306901411255,127.86236184567716,129.61861613726785,118.83763605934111,140.02611133510845,17.961327738650827,75.97366344065294,170.32274624974204,death_stringency
lstm,Brazil,28,14,new_cases,14358.550827395935,20342.14382841289,121.6620522497572,14358.550827395937,10179.739013671875,7555.686096191406,19529.079877580916,9439.267588008097,5001.611441476004,42000.50055803572,17066.771576771316,12026.53439355375,8669.899985663438,24252.37656896836,11069.242227096998,6197.199148823399,49877.14572795188,121.66205224975717,125.64337535378135,104.19448050247962,136.16789444168376,21.444577521658932,69.96774958546256,180.54275149254565,no_exog
lstm,Brazil,56,28,new_cases,18036.706666862094,27233.444145942827,176.4618635925872,18036.706666862094,14261.245874132428,12179.675130571639,22762.878875459945,8584.84846482866,8602.311030932835,40556.17475795746,24108.085415446003,17939.003669012814,15035.740141372818,31449.05872130797,12667.308224391943,11202.637157891453,55208.44974010572,176.46186359258724,184.47353504783325,159.58997957464874,192.67733361905593,20.092760037277962,124.89714427835132,200,death_all
lstm,Brazil,56,28,new_cases,25841.84691704763,36742.22825753049,153.55717838190967,25841.84691704763,19194.819399152482,12164.437753677368,37150.38828604562,17283.001831641268,7852.384238106863,71966.33544921875,30941.947608905008,23541.26771889905,15260.561594768873,43471.69490758007,19813.8137544555,10054.284391128243,81937.48099521198,153.55717838190967,153.67642712780497,119.56772059961244,182.7898581758807,32.463946911060006,100.43262404028252,200,death_mobility
lstm,Brazil,56,28,new_cases,26016.056924043227,36193.41146386122,127.14034574829986,26016.056924043223,23123.67927987235,11286.4465070452,32019.272042410714,17722.39063292943,7556.543561662947,71383.11579241071,30402.934807444108,27672.63228451574,13010.379924233303,38553.35329114719,19637.32640882319,9248.368596072534,80379.76349208245,127.14034574829984,124.47649421137191,107.27561977660476,148.57824486651026,23.882070245612564,84.79361211452358,173.3127090501338,death_recovered
lstm,Brazil,56,28,new_cases,18458.21919781464,26793.167732237674,184.1816476644308,18458.21919781464,19489.852951049805,10286.002804568836,22972.489105497087,8264.59670302047,6730.755711146763,36822.9964403425,24219.78328890769,23789.257745010254,13836.385675575582,29668.10950098381,11457.571058744094,8704.79795457917,50738.61977790618,184.1816476644308,190.87534419390772,177.25127833555834,197.26164648315782,17.145190721408056,130.66774588537942,200,death_stringency
lstm,Brazil,56,28,new_cases,17278.899503579476,22524.76007170362,122.65290623322231,17278.899503579476,14168.223353794643,12280.774383544922,23074.090270996094,6637.027473402266,7595.015032087053,35102.0400390625,20923.812465949326,16664.765483337425,14784.50429198978,28333.11685193899,8340.197130619707,9724.516885262221,41063.282526073424,122.65290623322231,125.4465574760944,109.20339866973814,136.0332203682954,15.789071087334516,82.44445806185679,160.6903009500517,no_exog
lstm,China,14,7,new_cases,8460.466443118203,13249.648985305306,83.17988455223639,8460.466443118203,5326.049490792411,3092.8400355747767,12675.73592703683,7797.099518951449,396.7625514439174,34240.860072544645,9535.451125398275,5675.3888541823435,3271.4071768178774,13363.826607600822,9199.367916815954,434.9008093050512,38791.07410818147,83.17988455223643,71.49613582192609,49.06619115639904,87.57331826649536,50.698698366266754,15.375425436658197,200,death_all
lstm,China,14,7,new_cases,7045.474586691958,11470.232115539546,67.66684734664982,7045.4745866919575,4264.520263671875,1938.2579781668524,10074.549952915737,6998.673391936487,194.34930964878626,29578.383928571428,8040.68687547935,4576.027733146686,2133.4805944204422,11602.058964769432,8180.07208738706,217.51177854819457,33990.28960448848,67.6668473466498,51.48662456221159,33.040129813161684,72.42397782802503,56.576726750509145,6.989333822444692,200,death_mobility
lstm,China,14,7,new_cases,7314.921830728527,11829.770767656246,71.25525950910662,7314.921830728527,4164.027744838169,2174.098563058036,11260.000610351562,7074.873568008173,187.89567593165808,30135.04129464286,8386.140245768771,4727.50001239113,2395.495697842729,12853.380778000097,8343.627999473103,211.00102834947043,34368.095265772106,71.25525950910665,55.30860887896459,37.560800901302215,74.90021177716396,55.23323985673485,7.446905130406857,200,death_recovered
lstm,China,14,7,new_cases,8597.207836283838,13302.532996381708,84.31830250259837,8597.207836283838,5412.759660993303,3193.3601771763397,13042.690970284599,7789.566433093286,271.5353151048933,34583.05022321428,9652.574602958519,5786.493727530611,3324.9433582804113,13560.722208815387,9153.424913885745,336.2233596270005,39233.98907954807,84.31830250259839,73.12999025349279,48.815009369452476,88.77778578089556,50.88949166860502,14.73527946804611,200,death_stringency
lstm,China,14,7,new_cases,7162.209733283774,11724.951636898077,70.7048198406427,7162.209733283774,3982.2527553013397,2180.682826450893,9666.582292829242,7219.415629813078,182.13004084995814,30745.05469,8095.9054742304625,4185.258110359649,2313.808029936593,12081.48008495197,8481.203065598897,223.19441683641818,35517.10078558366,70.70481984064271,63.929641578331434,42.53500562198923,81.4207013218372,41.77028571212492,9.815214343071746,200,no_exog
lstm,China,21,7,new_cases,11113.437091223712,16421.883632116504,122.64135366247886,11113.437091223712,7550.247358049665,4513.140869140625,17683.16485595703,9473.96741581588,417.5601590020316,40455.02800641741,12311.542307973827,7887.464652985941,4694.1297239137175,18506.69847676184,10867.575075689447,493.7026943320936,45351.0454805428,122.64135366247886,120.84195114853543,106.87828867303485,131.20115042810926,34.47332354278571,35.859965018130254,199.96447295551445,death_all
lstm,China,21,7,new_cases,9574.563081229262,14798.581408801036,101.59795469243977,9574.56308122926,5949.890790666853,3665.8728768484934,14284.867867606026,8575.225041786694,282.6616330827986,38497.15973772322,10970.306594856333,6800.145752990433,4051.234221537512,16086.094177766028,9932.290014279855,333.9044666067483,42599.0236856433,101.59795469243979,95.0139177482045,74.34690526573922,107.90700115157125,44.370292550819386,21.891468891837633,200,death_mobility
lstm,China,21,7,new_cases,9801.519480128349,15112.60922922337,106.8125774616619,9801.51948012835,5858.176644461495,3714.5602765764506,15312.86117553711,9011.458524562675,164.6994231087821,39090.08586774553,11006.235947608444,6535.583253608671,4151.368027826788,16880.460873884396,10356.337575648016,193.318658415891,43573.155494726954,106.81257746166192,107.44501152342772,88.91433929859659,117.61050588173494,35.72324249638571,21.115342826584936,199.82729502559945,death_recovered
lstm,China,21,7,new_cases,10890.799576692394,16150.007965392546,120.68151825208359,10890.799576692396,6989.282588413784,4578.221439906529,17337.67431640625,9433.95611105589,437.2932335989816,40703.156459263395,12021.758419303424,7515.981217681252,4698.048833315217,18223.18309005107,10784.251563745625,550.8356219366657,45702.66241635191,120.6815182520836,122.58646240416468,106.16159615201744,130.84423320239483,33.97271078818486,25.506962240321513,199.85525630073008,death_stringency
lstm,China,21,7,new_cases,9984.853317951334,15327.33473500161,112.34335079112189,9984.853317951336,5824.349888392857,3496.770032610212,15862.363015311104,9228.655688895698,121.91536671774728,39514.69663783482,11113.063485569024,6409.051298436829,3913.9411816706397,17097.86132589471,10555.899300604347,133.79960271805976,43457.35698667663,112.34335079112188,110.62239958717129,91.2305563948665,128.86184098497122,38.50238827447792,21.1402648682424,199.41931144647893,no_exog
lstm,China,28,14,new_cases,13268.599404858838,18866.101914488365,164.02928834701075,13268.599404858838,9290.559463705336,5650.374033212662,20511.38530962808,10680.456165696392,407.9780970982143,40382.61398260934,14554.787138282942,9738.8374250487,5859.916304583239,22986.152131290335,12003.664973962539,477.36144064960365,45221.28074389212,164.02928834701075,167.64805560572563,154.24935979955606,173.83233989156068,22.316405265389868,90.69931602831531,200,death_all
lstm,China,28,14,new_cases,11750.588131066515,17353.14283901958,131.56289068693036,11750.588131066515,8178.3369881766175,4676.704016549246,17789.78901018415,9970.084344919433,460.3727444240025,38066.280857631136,13105.475400338972,8815.178244633518,4995.330666283044,19789.238875040945,11374.44859861464,503.7708139762875,43439.477348235254,131.56289068693036,139.46158997015937,112.45431489435839,147.09441837436822,35.633925945835394,25.676899997949608,200,death_mobility
lstm,China,28,14,new_cases,11948.96460792153,17530.73823366605,136.6451579948808,11948.96460792153,8204.789265223912,4768.0553795950755,17931.138608660018,10064.681973092695,587.2375619070871,38397.58837018694,13298.136995375287,8898.67306343912,5235.76503481231,20060.42227604652,11423.061562888986,604.9597522125458,43754.56322517445,136.64515799488078,143.08366513353025,118.2866146204087,151.08358586528146,36.405529534825085,26.55875935668653,200,death_recovered
lstm,China,28,14,new_cases,12959.683251624829,18649.654758870176,159.49192348036613,12959.68325162483,8801.479877084494,5264.751964381763,20382.563623087746,10767.49293313161,375.42256702695573,40137.38407359804,14214.959844359377,9419.789758707724,5591.042974774979,22619.20790159161,12072.470304303897,417.0264158113893,45451.98036900487,159.49192348036615,163.8929915818663,150.8106613114505,170.01216198679535,21.580394896475497,81.65791857225028,199.49282505849982,death_stringency
lstm,China,28,14,new_cases,11670.738317897607,17442.48290468362,135.8586868976562,11670.738317897607,8073.948102678571,4463.982864924839,18340.50138636998,10309.810517942422,74.86025251661029,38233.69684709822,12933.144125196135,8712.803670727899,4821.123857163116,20202.726982577093,11703.588890467958,86.60137907396076,43703.15785964836,135.8586868976562,142.20357270319477,120.44602071689528,152.37624739683375,32.46826352973719,34.36193940865035,198.85580479610556,no_exog
lstm,China,56,28,new_cases,13350.435475672197,19358.276953754103,176.0032029358736,13350.435475672197,9101.440059627806,5669.3929672038985,22220.461991684777,10422.36583914638,175.57511840547835,35561.34864030565,15228.487388749607,10008.334583340013,5894.759963515311,23706.30508522759,11951.404037557319,202.27464782042276,39509.489625776114,176.0032029358736,178.54565614223998,170.02343961151206,184.04255689473734,14.092663952626229,132.1970571234009,199.66566140683003,death_all
lstm,China,56,28,new_cases,12107.275093336852,18147.66304118773,148.80347121810718,12107.275093336852,8171.299783979143,4779.161879130772,19548.283363069808,9850.617358788353,232.8599775348391,34289.297025408065,14040.083092350029,9043.877491914518,5104.12689787942,21352.22884247536,11498.423396987866,268.4267657835318,38547.976155576354,148.80347121810715,152.3967589758256,131.19705232422285,165.5965111832229,27.7908452813973,77.4178111593283,199.8605690841296,death_mobility
lstm,China,56,28,new_cases,12119.563299233396,18116.328454531533,148.9233085950303,12119.563299233394,8122.508199964252,4758.940537069525,19435.591557656015,9759.765603463291,253.17011969430106,34194.012192317416,14048.52263997918,9136.60919074999,5123.173393816822,21339.580816581794,11438.547473628865,283.4935384516483,38513.626804405096,148.92330859503033,152.51646252977338,130.90937551314732,165.59905191450244,27.112550847439966,79.40698505314651,200,death_recovered
lstm,China,56,28,new_cases,13480.163457675055,19464.57283158851,175.57152002302482,13480.163457675055,9147.169306652886,5706.236817112991,22247.468017527033,10354.022674660966,467.5436049870082,35628.37721279689,15410.846741075387,10129.100881698165,5978.066321729684,23675.89183063056,11890.138697227196,562.989220340474,39725.49301754932,175.57152002302487,178.20052081272715,169.1209705260936,185.35834273112147,15.537572858015867,126.22945910070678,199.9902071132197,death_stringency
lstm,China,56,28,new_cases,11800.236087053036,18003.510339331693,148.76754561988332,11800.236087053036,7996.8276010240825,4600.185309303658,19288.34029000146,10012.143640081571,105.22487163543701,34202.734331675936,13671.645897766262,8778.107576177967,4899.218034040306,21258.22646539998,11713.773217222284,123.75827859144356,38680.60269347793,148.76754561988332,150.53225444612946,133.6265781490555,161.1754930306036,24.052653238512978,89.7417601997551,199.11903411443262,no_exog
lstm,Germany,14,7,new_cases,22364.9037809325,31535.427859467145,84.31433405144945,22364.903780932495,16549.664202008928,13096.812430245536,24772.21826171875,15899.819768167448,4758.520368303572,84885.46484,26191.28579390718,20100.85184889471,16257.109727391937,28865.17940755168,17564.16120233279,6414.379998332187,90367.50453057792,84.31433405144945,81.40979228405756,74.97847364839377,87.24819638191533,14.005010203375246,65.46288829746601,134.18735887697565,death_all
lstm,Germany,14,7,new_cases,16532.74204213259,24706.339989403656,92.21170073161917,16532.742042132588,12624.331389835903,8146.988990238735,17802.51436941964,12633.508439462346,4083.661934988839,71419.70200892857,19506.516950641024,14513.294256287078,9719.816169834308,21059.73776850566,15162.42171047754,4722.17393339026,81377.63907729447,92.21170073161919,88.81596984613408,78.59689729986714,104.59818611267218,17.237164643166317,64.43200475625129,138.91486484198626,death_mobility
lstm,Germany,14,7,new_cases,14551.69220110779,23394.50839712139,81.13114194460141,14551.692201107788,9400.760393415178,5559.482147216797,19337.43374633789,13126.051134548075,2507.5999646868027,65397.016810825895,17362.77729171916,10978.976990227353,6580.49500082449,23419.933055719306,15679.18964299956,3102.4592047023134,80621.67122876161,81.13114194460141,76.33179380973712,69.42834801366249,91.14267751126856,14.547802914634598,61.30012822043122,123.25854690856583,death_recovered
lstm,Germany,14,7,new_cases,20607.06239456653,30286.989188547504,79.54319442961565,20607.062394566536,15915.806919642857,10751.614676339286,22882.798479352678,14882.287460387266,5847.872907366072,75985.71847098214,24902.26695337779,19711.257319804743,13810.080077469243,27137.753106307042,17238.87509931845,6324.400247362871,87635.0049228664,79.54319442961565,74.69341957454586,70.23149683490954,86.40259083580402,13.130179111840935,61.5378991726396,122.81725807670173,death_stringency
lstm,Germany,14,7,new_cases,14644.65950452557,25599.516591738477,79.52539457455951,14644.659504525569,5895.080461774553,3965.0126342773438,20936.21508353097,15316.93851593325,1363.112758091518,72026.5066266741,17785.286804468586,7544.056972352653,4901.298742166027,26543.765351290254,18412.463795306947,1584.1002852120396,90018.89327432368,79.5253945745595,75.77491155248721,65.43988231064306,90.48551742035313,16.03735544335435,61.088453040408695,118.30137324626115,no_exog
lstm,Germany,21,7,new_cases,20813.799047552697,30304.463550889028,91.9493044671727,20813.799047552697,15071.826595306396,10214.342041015625,23498.078689098358,16472.717307707913,3091.956298828125,84417.38281,23868.109659512582,16816.893877689516,12914.556816092201,26118.533722854216,18672.810511239164,4610.125397115581,89089.8787660102,91.94930446717271,89.11321583523244,81.77181223141375,100.97556114523088,14.520366272697741,65.4152705919562,134.17735511389975,death_all
lstm,Germany,21,7,new_cases,23410.53262874685,31524.94593278125,111.38354596488784,23410.53262874685,19594.659458705355,14351.706752232143,24900.174211774553,15402.860380066873,5426.89697265625,87635.82813,26371.150346765648,21310.235103191502,15522.008840079643,28994.5632701753,17273.813865300945,6088.264483505555,95558.25139187276,111.38354596488783,107.04900510852727,89.22049480078273,126.74251621796147,28.67230873924031,66.61647509691608,181.79025367952718,death_mobility
lstm,Germany,21,7,new_cases,16740.66865666864,27774.88284171117,87.24459583601735,16740.66865666864,9659.087594168526,5550.1422119140625,22324.63555908203,17269.95879386849,2515.0157645089284,96894.97349330357,19705.283215904074,11439.295465205301,6341.340609287905,26265.788549707206,19574.11377947392,2892.61639657079,99930.08507350936,87.24459583601735,79.38453082810466,71.87028435591478,95.7558441915423,24.349286655801325,61.687214686339665,200,death_recovered
lstm,Germany,21,7,new_cases,21853.807314266713,31463.433107165096,81.00173537572444,21853.807314266713,16579.171316964286,12867.188197544643,24269.779645647322,15113.522181065207,5731.214425223215,80033.05189732143,26425.906862311313,20964.607427235875,15956.415851451657,29084.76023258913,17076.85771427228,6437.098795754652,87108.65770490418,81.00173537572445,76.79655625189338,71.83556482883856,86.59313099920281,12.95229468090138,61.672017096085675,124.99001228730668,death_stringency
lstm,Germany,21,7,new_cases,14985.129880093002,26260.896858994223,79.56739456767295,14985.129880093004,6902.782244001117,4258.484297616141,20253.907244001115,15722.793394848146,1703.0427594866073,68604.14118303571,18200.209049897578,8000.094496717875,5119.9740849114505,23554.03866840778,18931.11445157836,2272.440181302724,80223.75889193898,79.56739456767295,74.8167261631271,67.23061425705663,89.15738324448722,15.659978963775243,60.58194635230375,123.29427661786335,no_exog
lstm,Germany,28,14,new_cases,28893.062832975622,38553.021705798776,143.35225263061807,28893.062832975622,24472.09889984131,16747.90823473249,30264.810143062045,16670.17039959017,11123.194240025112,85250.732421875,33512.67958150391,28475.851193181163,19861.23534735579,35753.346468301555,19058.745759237223,13201.428794323918,96976.41886147979,143.35225263061804,151.73457679644739,116.64035932483503,169.81612734402978,33.09428677811083,74.78997931318474,192.92843068051977,death_all
lstm,Germany,28,14,new_cases,24182.994675300783,32796.054391283964,131.66023892261921,24182.99467530078,20186.3543308803,14067.139384678432,27347.750871930803,13793.488444035003,8301.440482003349,70140.62118094308,28466.941394951238,24045.468936484052,16001.556923455457,34041.378937098336,16285.40546785581,10358.19885615467,79618.43006162537,131.66023892261921,131.2923370914832,112.0567711456257,151.84256661188763,27.95849390721139,67.3896450641215,189.53770100803308,death_mobility
lstm,Germany,28,14,new_cases,22185.183409068777,35283.05646548989,94.2690330336002,22185.183409068777,13227.743844168526,8669.876752580916,32106.81841169085,20081.973585711447,3818.119635445731,89580.26116071429,26396.789706282976,15343.00941490654,10237.13767892334,38444.421039199035,23411.61179306588,4940.907384347203,101103.99007959937,94.2690330336002,87.9728459126938,73.25987229598053,101.99315011789125,29.197495357266543,62.779910847771326,195.07509403433372,death_recovered
lstm,Germany,28,14,new_cases,34740.19045737851,48870.03514671576,129.02689362629673,34740.19045737851,29893.2202671596,14474.784946986607,49662.05107770647,25354.768636225577,6060.816903250558,106027.66800362723,39885.232867194616,34888.153606754524,17322.970228747672,56187.107439183776,28239.131260909773,7170.150989096962,114869.31420091026,129.02689362629675,119.75196214495728,89.84703174746424,169.81800829257136,43.336803586131275,66.44373914099482,200,death_stringency
lstm,Germany,28,14,new_cases,19607.156412796237,31126.91557891686,90.32468184144983,19607.15641279624,13622.249899727958,6702.300306047712,28524.281287057056,16233.66603261594,3367.5064435686386,69390.07142857143,23997.349876764973,15475.233479138857,8160.345757520037,35526.241542776246,19824.53208398991,3998.3468569021284,79752.83948945653,90.32468184144983,86.93627647096409,74.48817267350563,101.36479696701203,19.02117008663867,64.80024440078981,166.0873873520815,no_exog
lstm,Germany,56,28,new_cases,25218.920679151914,35612.725774284445,99.69845119439745,25218.92067915191,19059.558035714286,13833.570687430245,30612.002044677734,17082.23991558741,7674.60138811384,68378.14847237723,29695.450416717005,22075.303149785956,17109.821325778754,34571.839424411664,19658.241569954458,9974.802308659253,78275.17941046185,99.69845119439744,95.88470384691271,86.96533090863593,109.9116242972564,16.63165688835429,75.5011200556588,142.6235506137218,death_all
lstm,Germany,56,28,new_cases,27568.46288972556,39203.84465387438,128.47704615669844,27568.462889725557,23641.75944028582,12976.612434727806,32820.70743669783,17813.90401288486,6961.179088047573,71687.47248186384,32957.21247849555,27531.693931147358,16852.25312,39912.471314323055,21231.193590856157,8542.290854897397,83962.36631407186,128.47704615669844,129.2711926472844,118.61781824394026,140.92596873785135,14.826306226948107,92.67856643699311,157.4510017184993,death_mobility
lstm,Germany,56,28,new_cases,37093.43683643059,45403.288135944465,100.50686428307468,37093.43683643059,35976.61286272321,29872.671273367745,43523.29342215402,9358.647899578147,19709.84465244838,55593.52915736607,44151.9524857188,43756.35821980185,35484.09367729955,52030.691035518896,10586.012717469426,24667.625391744346,67005.24055199433,100.50686428307469,97.73860490196168,88.83569052360335,110.17076061891194,14.271324046457346,72.703465670231,133.74090690548795,death_recovered
lstm,Germany,56,28,new_cases,89882.54629772168,100653.4180493761,126.64120508932919,89882.54629772167,91334.86676897321,79161.12981305804,103073.36760602679,16313.2335032511,50944.4091796875,114004.5732421875,99614.07039950466,102164.73182464352,88602.98242620935,111082.09452363738,14427.319344389294,65605.69649814954,121788.11783971463,126.64120508932919,125.44030120716897,110.15189788346804,153.59276857875705,25.146449803013432,79.88681186665548,169.48021351068675,death_stringency
lstm,Germany,56,28,new_cases,26301.970011227237,37693.37104743503,99.12164386431559,26301.97001122724,19990.61453683036,14178.081869397844,35371.25784301758,18341.024344947175,5079.190998077393,95222.28208705357,31020.807039476695,22674.218921900036,17183.145616319274,43301.93170208062,21412.607303622935,5883.699257476272,104566.92081969247,99.12164386431562,97.16558356992857,85.49061653232525,110.83545016822583,18.5504699398708,67.61259921520765,157.51901944120337,no_exog
lstm,India,14,7,new_cases,19745.174415625963,21227.15856231047,166.3926227034187,19745.17441562596,22732.337193080355,15362.83594,24034.411760602678,6097.753335856591,2412.0795549665177,32594.696149553572,20354.920024994757,23275.20623819961,15871.822710445213,24590.351708666505,6022.415744992865,2910.773633532766,33230.22689213769,166.39262270341868,190.21668397505726,132.40614084695116,196.89347256485047,40.095907510147505,65.77423457273639,198.42786690431177,death_all
lstm,India,14,7,new_cases,13991.172781444731,15968.996903827325,163.81775401334787,13991.17278144473,13319.110072544641,12945.288452148438,13730.851684570312,4225.129817167924,3484.406816755022,35674.58063616072,15359.726298035957,14527.053148671872,14210.39020676629,14961.490128116544,4368.943827044394,4020.4376504621487,37380.51598704186,163.81775401334787,181.02767480874354,134.39971972191762,193.5846169951024,35.34620727004884,82.20049904592608,196.5779827516454,death_mobility
lstm,India,14,7,new_cases,3200.602125546811,3726.2401846757402,127.79442059791126,3200.602125546811,2921.998011997768,2862.9657985142303,3371.0972987583705,941.0160114427475,1663.2124895368304,7895.516741071428,3563.323831170768,3169.198794723122,3110.047947600208,3673.952891748159,1089.7656574249236,2024.3723786189576,8233.648955544479,127.79442059791126,151.7449995339585,76.85970549851876,175.06693140307786,52.080910031749795,21.68715694499965,185.94539767722787,death_recovered
lstm,India,14,7,new_cases,22611.648739769345,24591.37751169617,169.5570813117009,22611.64873976934,25524.73828,20436.802490234375,25869.99396623884,5474.244973674043,3341.9264787946427,28424.081194196428,23983.12991826919,26914.00312053415,21770.20160381349,27247.963364732295,5435.561355203082,4143.634456190465,29782.535507278008,169.55708131170093,191.0720100422273,155.05473547810723,196.85244710109467,39.158552471258936,27.033296300848804,198.3632142348524,death_stringency
lstm,India,14,7,new_cases,2093.1785572064528,2784.5278587503567,115.8956473281776,2093.178557206453,1587.6260201590403,1412.292689732143,2279.087969098772,1201.251238637306,1221.7546909877233,7862.956194196428,2413.87257405946,1862.809438220785,1608.519632649015,2707.2649395269123,1388.0974722116607,1389.8194585548547,8372.004580628334,115.89564732817759,124.53107476197832,65.78431927857463,163.51044159690943,50.01249390446012,26.242078814829167,178.26223604129356,no_exog
lstm,India,21,7,new_cases,16120.05822057677,17480.871219248118,163.0063320366085,16120.058220576768,19695.593191964286,9919.390101841518,20619.984514508928,5816.525381740726,3457.009093148368,23255.507254464286,16634.623121608784,19913.721709137295,10943.001731674145,20732.449397920685,5373.09707580049,4079.280870388829,23845.4387857473,163.00633203660848,189.741744279503,132.98828060133934,196.54083866985835,43.639812088985835,54.20596252262674,198.2958474479687,death_all
lstm,India,21,7,new_cases,21583.657395950093,22986.01841287384,173.11824582635876,21583.65739595009,22233.27608816964,20568.985595703125,22502.69189453125,6804.724101070526,2198.488298688616,50020.787388392855,21952.699811775146,22487.745955563372,20798.214012344277,22764.13577595253,6814.397511964123,2445.6325838669472,50902.395197949554,173.11824582635876,189.4867816119645,150.80604133148643,196.74619659698863,30.081619360320676,85.76972880078328,198.3461442507466,death_mobility
lstm,India,21,7,new_cases,3773.6287296589567,4129.588423188065,132.61753593166728,3773.6287296589567,4195.142525809151,3395.75870186942,4306.197588239398,980.4168093872124,1264.9510323660713,7562.8876953125,4007.975920828768,4312.698276969135,3591.642428373322,4396.764711469477,994.8012680860814,1541.5236404911693,8030.318304610027,132.61753593166725,160.43840756036872,75.943769172929,184.27571438755365,57.84904496729231,13.617865438561294,191.69184091894647,death_recovered
lstm,India,21,7,new_cases,19123.266429180778,20643.318880098686,169.15684636567948,19123.26642918078,20332.906808035714,18623.969621930803,20996.94367327009,2672.8782295137407,11173.919642857143,21510.573660714286,20483.402866118267,21598.770530305872,19902.865108532093,22318.1405579404,2564.5314210859074,12657.64308063824,22788.241132224015,169.15684636567948,188.26980458727775,151.4618089832181,196.11401013020273,34.93157662638212,70.13973502151532,197.95488116667997,death_stringency
lstm,India,21,7,new_cases,1973.919995197913,2521.349525609435,108.18342556554184,1973.9199951979133,1890.8470502580915,1697.7459193638392,2022.8548387799942,726.5482997094196,949.4131731305804,6235.529157366072,2327.961119139066,2162.781054784849,1982.1164978508066,2299.123616214237,968.4009800014213,1254.8117826047394,7349.2850021271415,108.18342556554184,130.10916722805376,57.31646712005884,152.89204729373841,48.990087121289875,16.574755711076115,171.72420457615146,no_exog
lstm,India,28,14,new_cases,23606.69592917024,29477.062936492162,185.62795062866627,23606.695929170244,20356.50591169085,20005.84976904733,26322.940026419506,9708.1954573693,6940.688581194197,56506.382533482145,27424.895407232147,23408.999624883167,23202.26094402475,31363.186653501798,10806.125636151803,9725.260668185174,62439.12842439923,185.6279506286663,195.24978228763945,187.23169154098667,198.5822778335604,24.693467766685696,74.51468588869139,200,death_all
lstm,India,28,14,new_cases,51585.47398255259,61206.39362603787,181.59852526704614,51585.47398255259,60424.756173270085,41464.381033761165,60808.33025251116,17486.753691214366,4363.10878263201,81332.27971540179,58109.764195637574,67769.53560783088,47051.59838030777,68246.90168724986,19221.808599423934,5704.06981061514,90641.94827699377,181.59852526704614,193.58161286765028,165.14189616902252,198.300429017152,20.58555693275367,133.13151690647553,200,death_mobility
lstm,India,28,14,new_cases,2406.7239983732675,3467.7686535448724,156.45628472179695,2406.7239983732675,1661.8273530006409,1393.8718160901751,2725.2621623447963,1679.4535971720254,515.8189381871905,7950.712367466518,2782.835000049173,1830.3124016904437,1523.3894370468129,3232.7899863246344,2069.117878954638,643.0129639316863,10263.148635363248,156.45628472179698,185.03150386128584,111.41381772398776,196.17635648952268,51.00075870316289,38.398315443449924,200,death_recovered
lstm,India,28,14,new_cases,134957.83227206452,158046.3730513574,197.4496655302718,134957.8322720645,166893.43638392858,53426.02587890625,177988.8345424107,69022.83952138938,6617.83791242327,246203.99386160713,140964.70152414104,174664.04983093042,56773.15412844517,185191.57919194133,71467.53779793083,7713.464217097738,256304.06848446003,197.44966553027186,200,200,200,11.636593885941874,110.5895599440256,200,death_stringency
lstm,India,28,14,new_cases,8688.491203220412,9858.546134586855,151.89537657098165,8688.491203220412,9556.622209821428,8404.556344168526,9893.031297956195,1809.5987204292217,3396.276123046875,10742.44517299107,9707.610012773412,10537.386587601537,9451.855557307632,10853.181255073987,1718.4992661269293,4376.35808811866,11860.344252773493,151.89537657098163,177.97462134645608,117.49787753285327,191.50118868374727,48.01367867075692,45.78542887875773,195.1466584061896,no_exog
lstm,India,56,28,new_cases,116766.49613236448,176197.13073527883,188.74043961317886,116766.4961323645,84730.1677104405,25227.903457096643,211375.52715192523,92104.94454007907,17286.63134765625,238548.28466796875,139872.83749673885,114497.18766943045,31239.792829872946,256026.88621789878,107149.51334446565,21103.76472224494,265949.6089508558,188.74043961317892,197.38145112976287,182.98914446051074,199.47813294242752,14.998873052273565,148.37578131929635,199.76207457332936,death_all
lstm,India,56,28,new_cases,184251.55113282852,208134.65157693083,193.4642732488948,184251.55113282855,209743.04886300222,156986.5946044922,217548.93294852122,43157.85601453171,98174.18038504464,253326.32568359375,202461.7778376258,231014.5970142223,170602.08737628552,239977.82892738076,48262.42536257642,107824.36197030233,280736.2998780083,193.4642732488948,198.60574345473947,191.82667916337547,199.46257416761836,8.709147648010243,170.72610821250865,199.67082002033726,death_mobility
lstm,India,56,28,new_cases,14500.377529874811,21000.259636668572,167.94103719603305,14500.377529874811,10523.928986413139,3732.310767310006,25004.671016148157,11123.420556764644,2700.471643720354,48088.402134486605,16988.625681601014,12921.240725440151,4854.30909746321,28885.929118968263,12344.93832540032,3571.0047329850163,53604.031017745096,167.94103719603302,171.4925985698244,158.97685459981312,181.34245749789642,15.779227869780355,134.6892012859452,189.446544592438,death_recovered
lstm,India,56,28,new_cases,117598.83451863776,157777.1262089533,188.57653244108607,117598.83451863777,135077.0908115932,43164.14412008013,169930.14957101003,58286.06735855878,24000.651532854354,194335.0986589704,141630.64457125156,161599.1172959883,52614.131115570184,202496.07719690338,69529.72078965795,30541.065703794626,235490.81620420047,188.57653244108607,197.98605590750634,184.63016659469167,199.4981570454634,17.184013769971287,125.50579685226052,199.7806245015331,death_stringency
lstm,India,56,28,new_cases,17849.824023021265,27155.63033348725,169.79228460100435,17849.824023021265,14825.925160271781,4991.370941323894,27717.798217773438,13906.519453351946,2863.1764338357107,49025.10267857143,21687.823640687486,19643.778004073196,6635.664451688798,32719.913509423986,16342.171353264219,3465.99379586487,58210.05566046082,169.79228460100435,176.26947101828762,167.2219222694506,183.7970012606751,19.5909645261388,116.76651955132354,195.0998605429359,no_exog
lstm,United Kingdom,14,7,new_cases,11817.811921060184,15539.352981698657,182.904900303317,11817.811921060184,9895.581438337053,6680.346675327846,15849.812325613839,6460.255134419217,3599.3920549665177,30347.65066964286,14033.035629197426,12564.07222597969,8719.102350663095,17359.75009571048,6674.234197232113,4104.653998628732,30505.942907687837,182.90490030331702,182.79312167744973,178.95949013989457,187.07995858995696,6.915592218551417,162.09070566891126,199.466051995393,death_all
lstm,United Kingdom,14,7,new_cases,10812.339458684812,14805.82716276704,183.27615134038,10812.339458684812,9226.393371582031,6030.741271972656,14587.330984933036,5666.51217837094,3261.9227120535716,25694.238839285714,13444.407217652382,12483.457518229592,8224.108238526254,16307.432742741428,6201.647566547689,3544.827212299415,28829.529936290375,183.27615134038004,183.2886054694385,179.35559779878082,186.8965700997979,6.724236337815192,159.45637200248825,199.4920503320427,death_mobility
lstm,United Kingdom,14,7,new_cases,11387.232166409296,14320.767641711624,183.77388451783847,11387.232166409298,10783.542898995536,8887.560232979911,13567.257925851005,3271.5875623070383,6068.657191685268,19851.56319754464,13378.940931380845,11894.929395143085,9653.083802978208,16097.093979928371,5107.673188695322,6538.033739060255,28193.784364235726,183.7738845178385,183.40495322846013,181.15509571853624,185.78231596609274,4.593995424367385,169.96959240829156,199.71936230100314,death_recovered
lstm,United Kingdom,14,7,new_cases,12567.903974761712,15151.664104307465,182.9419617812273,12567.903974761713,12398.783377511161,9748.935128348214,14550.952532087054,4006.900541105704,5344.115304129465,24341.498046875,14208.286090808047,13312.357680711506,10348.001959718526,16609.08602093868,5262.8444297271435,5822.910151667558,27960.658975992716,182.94196178122732,182.8904118515413,180.03538071080283,185.1011501761133,5.168543744473784,170.14760816162953,199.72320755082816,death_stringency
lstm,United Kingdom,14,7,new_cases,9750.91136824752,14481.7411524107,183.7490684681186,9750.91136824752,8757.393589564734,6251.2850341796875,11976.633597237724,4762.400033605053,1041.9546434538704,26378.921037946428,13076.991518072693,11661.2924021765,8468.719810144657,16546.22373360637,6221.986792149308,1357.3571953542412,31433.255984055482,183.7490684681186,183.81380938885542,180.8319207595282,186.45740800600922,7.60129359765368,143.2887727774408,200,no_exog
lstm,United Kingdom,21,7,new_cases,13366.144399007162,16453.70540020757,182.3249409904821,13366.144399007162,11385.640450613839,8161.9980207170765,17682.76778738839,6294.207136736224,5575.091360909598,31110.35184151786,15072.481106225923,13368.016930769067,9638.590545554682,19642.620906761014,6598.843436488122,5955.991350493548,31300.71781607562,182.3249409904821,181.9506590708581,177.9373515379237,185.87761501938834,6.91406522768214,156.16821787989198,199.6351524377351,death_all
lstm,United Kingdom,21,7,new_cases,12618.878696786163,14931.721772264653,182.34739276639075,12618.878696786165,11640.817731584822,9753.681030273438,14740.684919084822,3815.6914996812748,7344.729073660715,24199.432198660714,14091.034687262158,12562.537789988968,10498.780447394145,16566.791973361047,4939.540112874579,7588.9021752836625,27754.37718413711,182.34739276639075,181.66282910306444,179.8056473450642,183.9675873929025,4.927049682244011,170.13994495695252,199.76366929761215,death_mobility
lstm,United Kingdom,21,7,new_cases,9942.65979153143,14167.440325358108,184.16144249753657,9942.659791531429,9108.278982979911,7075.774402073452,12298.349755968367,3767.246678158428,4008.7015380859375,20564.027901785714,13034.911187985104,11540.41150989612,8954.092233677957,15785.991407309606,5550.44644095624,4905.003861889463,29740.056545517513,184.16144249753654,183.4716042610831,180.78382386740998,186.59038061619918,6.0609282195424345,166.1899242474016,199.74536729681915,death_recovered
lstm,United Kingdom,21,7,new_cases,12034.144291719584,14744.834746453189,183.81855164303147,12034.144291719582,11542.472795758928,9413.685808454242,14162.150582449776,3688.0438931736267,5803.65461077009,22490.447823660714,13799.69116453555,12676.587692224288,10127.156349473858,16277.045927221461,5194.100062922606,6006.93938641796,27695.491292601415,183.8185516430315,183.26131375219296,181.00797708845738,185.87713948110257,4.651300139871175,171.9714912105766,199.69186999728535,death_stringency
lstm,United Kingdom,21,7,new_cases,8943.55243942812,14333.68084161673,184.49651100980094,8943.55243942812,7830.086216517857,5744.182187216623,11167.48360334124,4570.052894884488,763.1030970982143,22303.857421875,12941.07373212552,11302.456570114868,8387.487305489118,16199.842976858066,6163.036356295605,945.6768537131702,30897.70744910761,184.49651100980094,184.00259180073974,180.93297531003364,188.28662476797092,9.182835509049216,144.75737145091983,200,no_exog
lstm,United Kingdom,28,14,new_cases,12967.903433238343,17556.467950089864,185.67269787947248,12967.903433238343,12468.168006896973,10788.658216203961,14465.365126473564,3469.5372677302607,7028.872231619699,24530.581708635604,16778.476259964737,15062.751678239765,12595.104545022494,21214.170062134315,5168.394458275435,8561.75384010853,28714.071692011734,185.67269787947245,184.52265303569462,179.21762638824288,191.56566133198282,7.994254605480332,170.0974338566509,200,death_all
lstm,United Kingdom,28,14,new_cases,13625.7543961348,15907.024126362388,181.8939617895534,13625.7543961348,12800.121512276786,10676.058005196708,15057.54597255162,4358.854129262208,7633.974958147322,26367.6142578125,15130.00729304749,13731.807839600075,11323.581907716673,19274.28583602344,4910.83453895618,8171.915718171781,27026.335380796183,181.89396178955337,180.98111682118122,179.10851816386543,183.9479610171246,4.163566611339818,172.8861543656893,194.17695329847618,death_mobility
lstm,United Kingdom,28,14,new_cases,9997.640673006304,14272.961542563738,185.4146613723894,9997.640673006304,9427.844770159041,7383.830317905971,12175.34459577288,3463.9370543209116,3889.9057230268204,18741.251953125,13460.137041605516,11999.890430959102,9566.125086727841,16724.761421976968,4747.8565707803955,5785.311882318074,24530.31980262408,185.41466137238942,184.91540412521633,182.66366160956693,187.27036745935737,6.2416100479986145,164.21959598534272,200,death_recovered
lstm,United Kingdom,28,14,new_cases,10573.085317252267,14775.047096689208,184.99767238015562,10573.085317252267,10283.803436279297,8156.4698486328125,12364.332887377059,3090.988388147994,4882.022513253348,19177.670933314734,13996.604931109936,12997.009379434847,10405.291781181635,17596.79629976968,4732.55397347069,5524.375639499384,25111.15732983359,184.9976723801556,184.74855389269126,179.23411800728474,190.78573472145865,7.232399201517345,167.00288658530425,199.6368383855181,death_stringency
lstm,United Kingdom,28,14,new_cases,11970.573303757434,14859.68235815325,183.9917072058962,11970.573303757434,11324.538138253349,8930.512050083706,14561.184108189174,4118.498760091927,3215.6714052472794,21970.5244140625,14056.822772866239,12316.147230903502,9993.797303003346,18328.44395462112,4818.287384272546,6292.605042470201,23338.18632524088,183.9917072058962,183.20521679021303,181.92735581561854,185.53305968589115,4.626001491274395,171.23078094598904,200,no_exog
lstm,United Kingdom,56,28,new_cases,17828.40801108511,24664.60439531004,193.27112493834557,17828.408011085114,14084.82428250994,12916.258117675781,20488.625452969754,7771.035445087227,9738.515845162528,37184.03874588013,23020.05958926599,19512.07556051783,15985.164346092624,29288.477207406213,8855.482284087666,11904.707161527747,41817.098516055885,193.27112493834557,193.72074215424618,190.28465631099922,196.52135404577908,4.358961927563151,178.71742652930715,199.9796725029809,death_all
lstm,United Kingdom,56,28,new_cases,26692.043208588424,30519.505784987465,179.4965891773317,26692.043208588424,26634.241436549597,24664.266864231657,29383.324619838168,4467.812331475342,15704.999040876117,35054.151646205355,30067.835312690426,30786.668153225797,28876.35995247247,32989.56442639447,5231.205689782232,16915.396101886883,38781.377660151906,179.49658917733174,179.1659316256086,177.3856590829907,181.5673214008086,3.0628004296226368,171.80769031185093,187.660278969298,death_mobility
lstm,United Kingdom,56,28,new_cases,13255.61815857535,16110.156202421302,182.32516553119947,13255.618158575351,12233.013667515346,11184.596930367607,15923.508625575474,3468.5521164285487,8368.637839181083,22949.973772321428,15590.795190155051,15972.908550426171,12601.213943612614,18915.891762311294,4057.6148418808466,9092.927279957368,25521.387033334606,182.32516553119945,182.63369696151278,179.03085637361943,185.95324948900236,4.1280246025278835,172.90700503496558,189.91488067052117,death_recovered
lstm,United Kingdom,56,28,new_cases,27046.238387485246,29329.584172866762,176.80445387807535,27046.23838748525,25075.119907924105,22966.750492640902,31483.405378069197,5102.239094745792,19794.626848493303,38924.926548549105,28852.623355076328,26504.01358781292,24941.39255663396,32867.98986063067,5267.88698468185,21894.424479304405,41148.36649156606,176.80445387807535,175.72118171510948,174.08751079514496,179.0606936491374,3.830344272081125,171.52067189226798,189.109382165594,death_stringency
lstm,United Kingdom,56,28,new_cases,8134.849070866658,14197.427692284344,185.19184333802735,8134.8490708666595,7343.056633063725,5661.257347192083,9932.780042375836,2985.040502954586,3710.7654034750803,16710.779227120536,13620.170381467988,12598.839225296346,9847.795541418487,17237.466390380865,4007.232443647938,6554.854425322917,22025.32435263565,185.19184333802735,184.29046466348248,181.01588308542873,188.89453166690342,7.596158895221188,165.66340201969544,200,no_exog
lstm,US,14,7,new_cases,29816.545287259105,38164.43478138033,69.14469312804242,29816.545287259105,28422.140764508928,20811.048130580355,37214.29478236607,11983.24183816975,9108.390625000002,64717.122767857145,35614.06663567129,34495.338181639054,25883.438669038485,44862.77772296943,13717.227848665252,10185.929861063183,72067.89354425443,69.1446931280424,67.50309308687724,58.66808413624553,79.21287480957734,15.555796502795788,34.31252144161284,125.4293922773657,death_all
lstm,US,14,7,new_cases,27660.494981487005,35603.8815822873,68.08315910072129,27660.494981487,25720.002232142855,17947.366838727678,35503.045619419645,11556.523616697164,9462.655691964286,61420.728236607145,32883.91696868437,30952.465419084463,20622.91223660963,42031.522475307764,13648.603903777464,10692.899877560041,70510.04687976606,68.08315910072129,66.27799607824235,58.04114026280739,76.18964908589686,15.192141100254059,39.098758871474416,142.0561443199698,death_mobility
lstm,US,14,7,new_cases,27051.392407747717,34753.874810103356,66.73389863720541,27051.392407747713,25154.2470703125,17766.101283482145,33914.38141741071,11332.566175623066,8704.88853236607,61219.44977678572,32141.53148619443,31068.277575021253,21136.327332306853,40760.008527970494,13219.446585931953,10973.545114078803,69978.69265472551,66.7338986372054,63.699649744377425,56.48975996933888,76.11412112560734,15.771526256671843,33.36992893847323,136.678069837005,death_recovered
lstm,US,14,7,new_cases,27735.215388907196,35723.21807798813,66.77769715267101,27735.215388907196,26014.314174107145,17847.981026785714,36073.3876953125,11884.865887704755,9206.371372767857,68045.42857142857,32970.08846536702,30690.31962718223,22112.879304382615,41028.366866205484,13752.148066152096,11073.455303204148,75289.68009903056,66.77769715267101,64.7814296657005,56.64345299746762,75.92100671480048,13.803733475629597,39.12341907537868,102.78814925615816,death_stringency
lstm,US,14,7,new_cases,24651.653263486663,31166.339492153005,64.16364042680364,24651.65326348667,22918.591866629464,16873.643171037947,30504.68802315848,10150.281761438984,7533.744001116072,65045.22935267857,29060.6316736105,28390.93427210492,20264.334117400096,36195.831881517275,11261.456569684124,9829.435797319298,71130.68960004041,64.16364042680364,61.02555417970697,54.48275477813958,74.10098057009691,14.659840436663249,23.841404989803287,100.77667452771364,no_exog
lstm,US,21,7,new_cases,32404.64559640869,40367.2040101436,75.04461501988763,32404.645596408685,31491.818638392855,23068.077008928572,40262.05133928572,11778.780823455287,11508.893136160714,60439.30915178572,37922.20287925476,37065.527572311636,26141.669257794703,47908.362453967944,13835.378143773147,15713.8197672763,73996.36456420964,75.04461501988763,73.77053369205353,65.31964047429979,84.55695500249428,14.005968608522434,47.65405162851542,143.87346296735006,death_all
lstm,US,21,7,new_cases,33327.97064379362,41270.946861659584,73.62445661557972,33327.97064379361,30828.832589285714,23571.673409598214,43458.79185267857,11802.659876474543,14121.464843750002,58989.845982142855,39032.45375137326,36882.15059704753,28653.81965792295,51468.86352505267,13407.408735651974,16854.04353450057,69731.70003859505,73.62445661557972,72.16650914586714,63.08729468665119,84.36777644954057,13.08416559232679,48.289900552857354,103.06328754958622,death_mobility
lstm,US,21,7,new_cases,26966.854725485366,34682.219126438766,68.27895327408699,26966.85472548537,25180.322544642855,17905.25919015067,34888.28058733259,11149.29817560357,9403.97642299107,58123.37946428572,32094.8644997146,31235.874268891992,21103.424098985994,41220.62214815209,13144.428335963281,10716.106969646538,66062.3421845007,68.278953274087,65.08998871478403,57.02623371685792,77.99054561461847,18.91633763546925,36.98904733330872,164.97054765476403,death_recovered
lstm,US,21,7,new_cases,34147.243780627825,42079.16040749221,74.62848715526044,34147.243780627825,31860.87667410714,25386.952566964286,44778.46735491072,11706.787359741764,14762.49107142857,59669.51897321428,39912.07821639357,37286.033065302996,29927.97299542845,52943.2594543351,13329.7319195827,17736.886185596628,70633.97621082107,74.62848715526046,73.26610327456305,64.53230512873012,85.13931220065852,12.780730931937557,52.433486886486314,104.39134283791948,death_stringency
lstm,US,21,7,new_cases,34092.40772366328,41808.69591185427,76.57359113403443,34092.40772366328,31874.212053571428,24302.774274553572,43739.312779017855,11529.093085977538,12133.336495535714,60088.01953,39648.33902095672,37477.107044670774,28131.566555599027,49758.32905743839,13265.604649965297,15924.161444189509,74100.68564507227,76.57359113403444,75.6516107024568,67.34690808880073,86.73189166116094,12.905260776417897,48.7900008413796,108.61793968125555,no_exog
lstm,US,28,14,new_cases,30049.08883323409,38937.335557257175,70.99370762475353,30049.08883323409,25776.507952008928,19958.930419921875,39906.21329171317,13293.14232972635,9937.564871651786,73948.23158482143,35810.8153651619,31535.17417440904,24195.474177653123,47410.50804489401,15287.30202425296,12302.708865997454,82024.17180029785,70.99370762475351,69.34425451494823,59.135688173851825,77.28578086792373,18.161985971798327,42.07725702250098,179.142717023813,death_all
lstm,US,28,14,new_cases,29923.49024714077,37884.2280820012,74.87818863838336,29923.490247140766,27685.618412562777,20873.78690011161,38221.79345703125,10959.931926752832,9621.790021623883,56156.12834821428,35492.035620485825,31991.114254326334,24260.852285210985,45781.96045823317,13248.778995939732,11733.90102571317,72361.69475087638,74.87818863838336,71.18726146064131,65.03362121331503,81.32604229722766,19.064277685874252,40.66144762228773,175.54589382834644,death_mobility
lstm,US,28,14,new_cases,32475.359274527513,41322.24010831059,73.66070439624188,32475.35927452752,29110.678780691967,22946.82224382673,43515.614955357145,12291.204715123476,13238.855747767857,65273.35100446428,38696.23636660143,34755.96170857007,27748.219888747666,52400.982472679345,14495.820729747778,15927.75444530189,73819.9468564287,73.66070439624188,73.12733208123711,64.24067948842136,82.03589214417794,12.654220290167093,50.615324729427726,134.88582223019407,death_recovered
lstm,US,28,14,new_cases,34378.52470691098,43395.00843419355,76.2101540506545,34378.52470691098,30101.417689732145,24491.102286202567,45765.75446428571,12439.700076325153,13097.326590401786,65107.65178571428,40842.09125402471,36152.7719065684,30029.199656260833,54231.22785789113,14664.594743860041,15695.131184968324,74314.18748193805,76.2101540506545,75.19758330658703,68.27220574948369,83.68549277982547,11.341192688714514,50.378124091226574,108.71664385878621,death_stringency
lstm,US,28,14,new_cases,34782.07496760827,43188.68176165847,75.18363546266073,34782.07496760827,31320.075055803572,26873.470947265625,44606.64292689732,11005.893858535956,17441.098214285714,61609.443080357145,41301.8814493059,37062.777671726624,32052.121965514412,52680.475008035486,12626.037424991706,20792.282843715333,69678.03377923253,75.18363546266073,74.8299166092432,66.13559857517211,83.49063011396896,10.975963170080353,55.93277544440184,97.84304022463822,no_exog
lstm,US,56,28,new_cases,60423.13317129452,71917.57605377075,91.94510137770409,60423.13317129452,58028.69349888393,47036.887032645085,71457.94252232142,16424.22080360471,34441.44475446428,109168.44670758929,69761.97355188511,66178.90276925117,55430.2937794557,81369.05676501295,17475.834503564776,40799.31918798494,119965.32741889365,91.9451013777041,93.38149390924308,85.49315037261019,99.90659746246807,8.953618378785826,72.83913586698512,105.33902655251093,death_all
lstm,US,56,28,new_cases,39431.538829476965,50084.88442028984,104.32068016990128,39431.538829476965,36773.43474251883,26973.11449786595,45846.039459228516,16390.843707940032,17533.154296875,100522.65384347098,46784.51424613968,44023.56934476825,32432.321537557968,54575.84267020941,17880.292898790663,19870.707493263646,111197.54785756176,104.32068016990127,89.9114300891349,79.97954582603121,129.15263464976775,33.11007985650091,59.22532832298344,181.42086046942586,death_mobility
lstm,US,56,28,new_cases,34836.843498442955,43255.742888011875,78.42463378853482,34836.843498442955,33060.083705357145,27086.010009765625,40131.7967703683,9593.16560041381,20278.666852678572,63430.03529575893,41791.297658671065,39739.05389729004,32259.32601693965,49218.050431045354,11160.050752489646,25200.539745782902,74200.70089206393,78.4246337885348,78.38017399004262,69.55709964233434,84.88691449585889,9.933055656588085,60.58014340611228,114.71442770310762,death_recovered
lstm,US,56,28,new_cases,37521.900755830095,47383.85678867691,92.16932077001623,37521.900755830095,36448.55719866071,27726.589417116982,45414.228631155835,12483.880619251799,13392.03627232143,72278.10016741071,45125.49243748019,43938.240382097654,32674.366066566654,55572.07607344727,14454.05882251625,17604.493409309653,82077.80811839488,92.16932077001623,84.07882484268657,76.15143810790754,94.03411950468967,27.24641108932432,48.344922195912474,189.40894937304466,death_stringency
lstm,US,56,28,new_cases,41179.1468125016,51772.55727094569,81.55829862694104,41179.146812501596,37613.01039341518,30564.997174944197,50698.05946568081,14203.664356159117,21307.32791573661,77889.22516741071,49125.9010426416,44163.204777975014,36647.176681824785,60496.40506815368,16341.466675973003,25423.60849674722,89780.89006188809,81.55829862694104,80.47478446380697,74.24595964431906,89.91161987834303,10.076101643740872,61.17650163786388,103.89012229041059,no_exog
