model,country,W,F,target_var,alignment_MAE,alignment_RMSE,alignment_sMAPE,alignment_MAE_mean,alignment_MAE_median,alignment_MAE_p25,alignment_MAE_p75,alignment_MAE_std,alignment_MAE_min,alignment_MAE_max,alignment_RMSE_mean,alignment_RMSE_median,alignment_RMSE_p25,alignment_RMSE_p75,alignment_RMSE_std,alignment_RMSE_min,alignment_RMSE_max,alignment_sMAPE_mean,alignment_sMAPE_median,alignment_sMAPE_p25,alignment_sMAPE_p75,alignment_sMAPE_std,alignment_sMAPE_min,alignment_sMAPE_max,tp_same_sign,tp_diff_sign,tp_diff_percentage,tp_slope_diff_stats,global_same_sign,global_diff_sign,global_diff_percentage,global_slope_diff_stats,lead_lag_unmatched_rate,lead_lag_within_halfF_ratio,lead_lag_mean,lead_lag_std,lead_lag_median,exog_vars
arima,Australia,NA,14,new_cases,8371.634071172395,14540.169334217819,114.5293559417643,8371.634071172395,7043.563273702332,4287.079893999389,10924.92287024905,5315.502681908845,1670.7375620128762,29332.225248988467,12908.899518800577,12886.552658185883,6942.831866363533,17614.732626555062,6691.54970699901,3284.2659908820756,29447.91672095209,114.52935594176431,115.09342308527886,76.91026475034121,156.92467272857337,42.66348133083294,26.673291804818373,181.75399243937406,80,32,28.57,"(52.75013211371744, 0.9657944679015918, 0.17608538952692215, 174.2606704237291, 78.98497199026025, 0.0039582599918705575, 179.59016597860554)",131,43,24.71,"(45.49914878957158, 0.641566892065738, 0.1593177946178912, 62.3658942278704, 75.43279165606327, 0.0039582599918705575, 179.59016597860554)",0.5118110236220472,0.36220472440944884,4.806451612903226,3.482220460235951,4,death_all
arima,Australia,NA,14,new_cases,8339.75267854982,14544.727906792376,114.2321185011407,8339.752678549818,7032.578311215148,4209.064112380109,10891.471260465809,5303.785395705707,1668.3473210979405,29319.627528831817,12898.340861066876,12869.058643688788,6941.533883251421,17708.848823448694,6721.749245126414,3246.660407697237,29437.443660728248,114.23211850114073,113.82817727434094,76.00339199270304,158.5146091853468,42.90308288042585,26.260210436304458,181.74642796070972,81,31,27.68,"(51.25669145782306, 0.8668743170206668, 0.19199757912433651, 173.30453079934503, 78.17466030910697, 0.00404160498616224, 179.58983533158175)",133,41,23.56,"(43.8430891714335, 0.6300222701183671, 0.1640314723286265, 47.42707225531365, 74.39533152948121, 0.00404160498616224, 179.58983533158175)",0.5039370078740157,0.3700787401574803,4.714285714285714,3.4939051606890246,4,death_mobility
arima,Australia,NA,14,new_cases,8396.710024823953,14587.662145316148,111.93577396189602,8396.710024823953,7061.64389635189,4103.05801576763,10839.315102329643,5261.041302412513,1823.016097926697,29565.264611351788,12987.992835101168,13288.54229829304,7187.640135494705,17591.634904975726,6641.681186360158,2891.9583317421802,29674.232040081635,111.93577396189602,110.9730003471129,74.64034985744729,155.3087100965108,43.67617162073062,20.435419716079466,182.15825861337768,79,33,29.46,"(54.72281347504072, 0.8672217620348617, 0.1734849682285023, 173.967752477384, 79.53354178315982, 0.000924313753131071, 179.5998595641557)",131,43,24.71,"(45.50285664759795, 0.7052619684188797, 0.1554722441191265, 64.36336487031913, 75.59571027303772, 0.000924313753131071, 179.5998595641557)",0.5196850393700787,0.36220472440944884,4.688524590163935,3.7662580173896623,4,death_recovered
arima,Australia,NA,14,new_cases,8433.662969236408,14586.475792197369,112.2342857164589,8433.662969236406,7063.683596537313,4184.965214677743,10914.854956508236,5265.781302454811,1827.4713420089206,29589.857334023418,13001.852052964065,13286.905390071799,7157.208201772455,17506.007833679643,6611.8922578331485,2897.191631512297,29697.55149126362,112.2342857164589,110.99246524451632,75.00003532789341,154.8669206854351,43.31139547386508,20.489951621010267,182.1744453988736,78,34,30.36,"(56.31736154852474, 0.8681481419955384, 0.17770962073876212, 175.45154223645238, 80.2141508686271, 0.0007743644904621356, 179.6004131734193)",130,44,25.29,"(46.531199795436194, 0.6680084169080283, 0.15600089328005223, 137.16447687367162, 76.18587845079479, 0.0007743644904621356, 179.6004131734193)",0.5433070866141732,0.3464566929133858,4.775862068965517,3.7512248453392365,4,death_stringency
arima,Australia,NA,14,new_cases,9918.287763856471,16588.927916799068,123.05902812025262,9918.28776385647,8235.256016396808,5518.966268478958,13154.881113626938,6027.073948789178,2808.519265450152,31868.1828722271,14438.318726037978,10763.740798456965,7328.31969835916,20044.040728984357,8168.689111117926,4847.013357560181,32459.26612181182,123.05902812025263,123.78622001448923,90.4371859550534,153.54897587407143,38.87274623155127,44.62031503260066,191.29929854587843,101,11,9.82,"(18.69018713796212, 0.3324257578987443, 0.19617153361230677, 1.0272427378151214, 48.83439053191747, 0.009359613571966314, 177.57089307772375)",160,14,8.05,"(14.96265550874838, 0.3516986123004129, 0.1965622921362157, 1.1686418275256054, 43.51291764183948, 0.00021276757375710055, 177.57089307772375)",0.5905511811023623,0.28346456692913385,4.788461538461538,3.7850922151148545,4.5,no_exog
arima,Australia,NA,28,new_cases,7956.298496921533,13891.24550681428,113.10500069637581,7956.298496921534,6217.871885342232,4238.4044820894815,10327.553274307998,5099.511368045721,1440.5220836188694,28069.303784587344,12393.109618593211,11267.187695015029,6939.847807025415,18097.607812809434,6275.152246130797,3082.3522194493585,28732.801787936514,113.10500069637578,109.08895896052802,76.03737330209285,152.42015671665894,41.759610675751205,44.311655467197106,188.38078153723797,122,41,25.15,"(45.05389129573904, 0.7910881789735457, 0.3447652803339123, 101.27010620634215, 75.51980104738557, 0.00725406517180901, 179.52560692541212)",132,42,24.14,"(43.079699732068086, 0.7315196861794067, 0.3607378061090297, 8.26425876266666, 74.24591976849224, 0.00725406517180901, 179.52560692541212)",0.47265625,0.453125,7.7555555555555555,6.483580486150998,7,death_all
arima,Australia,NA,28,new_cases,7906.426468729322,13898.465886252423,112.44007046787704,7906.426468729322,6267.325277210037,4194.240218977635,10260.88880221609,5088.879288226181,1437.0335713166878,28056.86549447481,12383.477609582269,11252.388225888119,6938.613915650858,18141.8065900281,6310.058342384561,3077.6957196493704,28720.552370831425,112.44007046787702,106.7119180252675,76.02267599697723,152.03631115854836,42.09230672061187,44.85123487226674,188.4514646128684,122,41,25.15,"(45.02735708327783, 0.8273699407574387, 0.4193292609505509, 101.25946132520252, 75.45827723127856, 0.014187675643709957, 179.52542688907457)",132,42,24.14,"(42.74763301138244, 0.7480816214624249, 0.4171621251811011, 8.246029865993838, 73.86673558477395, 0.014187675643709957, 179.52542688907457)",0.46484375,0.45703125,8.036496350364963,6.441374486958244,7,death_mobility
arima,Australia,NA,28,new_cases,7940.26263635568,13932.056943802125,108.32605844021575,7940.262636355682,6207.425107701675,4288.06699156647,10260.926633807016,5063.966467890075,1501.785718419172,28280.2252845107,12466.011231875089,11775.549760496886,6879.821973878958,18290.60187616352,6220.9946674233,3305.3770851073605,28943.981171339048,108.32605844021576,99.08098073114769,70.91868501875888,146.81490461212024,42.62361057195134,44.60702493642687,188.68271866444857,127,36,22.09,"(39.78871187935031, 0.7259324456569719, 0.4133510358770133, 6.107159561277493, 72.2697248019994, 0.0015556232425688332, 179.53669500871433)",138,36,20.69,"(37.303000771297036, 0.6961486067829376, 0.4108581126617743, 3.5966343884680647, 70.59951381147941, 0.0015556232425688332, 179.53669500871433)",0.4921875,0.44140625,7.4,6.376555897683253,7,death_recovered
arima,Australia,NA,28,new_cases,7988.376750374004,13929.516528829934,108.74117178145227,7988.376750374005,6151.579481864508,4300.590959909212,10269.84391183872,5073.31660582272,1505.4798123993444,28307.347688144637,12480.321589299376,11803.054711299821,6890.313935686629,18250.582499291762,6186.517902230158,3314.1415462524155,28969.071466779806,108.74117178145228,99.41738552742872,72.32965717269377,146.81889312500385,42.29647563435334,45.04860467683158,188.6618021787858,127,36,22.09,"(39.78981002764393, 0.726425017721563, 0.3946516015393119, 6.161809955036361, 72.27149190385002, 0.002123672586187078, 179.53718759453085)",138,36,20.69,"(37.30403421907431, 0.6965224336421252, 0.3681806569051201, 3.5969904049963297, 70.60124197075632, 0.002123672586187078, 179.53718759453085)",0.5,0.43359375,7.3515625,6.420427345835292,7,death_stringency
arima,Australia,NA,28,new_cases,9667.891847098208,15903.713080639416,120.50359814862071,9667.89184709821,8030.251496664636,6005.736660702885,12376.257908488198,5418.752175329228,2925.023961445176,30266.951110399572,14111.022923733597,10982.939561872821,8405.158356064652,21036.315515876388,7335.333789076419,5499.782446622278,31272.4318085013,120.5035981486207,115.87235805857266,91.48019206860991,148.3957213110914,36.84450367462414,52.076606627078135,183.4397413284213,154,9,5.52,"(12.013314057288053, 0.9911740700167546, 0.7223957960884468, 2.8203453251289736, 35.76852564644201, 0.3163804720515944, 173.42593478307762)",165,9,5.17,"(11.805806034716854, 1.0258455859329128, 0.7465288329372085, 3.449801845519784, 34.67600972270705, 0.3163804720515944, 173.42593478307762)",0.51953125,0.33203125,9.894308943089431,7.787982554193836,8,no_exog
arima,Australia,NA,7,new_cases,8349.28135528264,14716.417861062018,119.7093778578769,8349.28135528264,7592.206609952064,4138.3098209838745,11112.068204222167,5370.762888309375,2379.6551912496716,29940.599787915045,12944.326028202831,10858.707505597149,7761.006403269025,17861.186661102234,7001.24119974279,3762.8946101872643,30133.409039393326,119.7093778578769,118.44992662527592,83.26401759611063,156.31398754582722,41.919921686026264,28.1898332639765,181.96450790193967,37,19,33.93,"(58.79827308851077, 0.8331598017746822, 0.20401844969469227, 168.4012863446469, 79.82067439709476, 0.011013955157977545, 179.70029975130004)",129,45,25.86,"(45.84204098843533, 0.5423879375663123, 0.09934272814535057, 139.45586982525325, 76.21741016370943, 0.0013866160975182925, 179.76679876929646)",0.6875,0.234375,2.25,1.51744244666721,2,death_all
arima,Australia,NA,7,new_cases,8337.81056791519,14709.858658908472,119.95566877047905,8337.81056791519,7594.665860720423,4129.021733776413,11112.94758876134,5357.910180515013,2379.6651742655654,29928.05844011383,12930.54688670982,10865.04106038217,7755.259971733837,17842.946531090365,7012.909451551725,3723.1547752925694,30125.409137363553,119.95566877047905,118.11497891339312,83.25638683049272,156.3064913142433,41.87704575547112,27.747984418964784,181.95243816061011,37,19,33.93,"(58.62416353292589, 0.8464434189627909, 0.20409777169244536, 168.4426265359648, 79.6425369318861, 0.010848895025458685, 179.70020898036583)",129,45,25.86,"(45.779552210370056, 0.5251272713831097, 0.09865967369627783, 132.2817981606039, 76.16279147355283, 0.0012966772764031694, 179.76661756209612)",0.6875,0.234375,2.2,1.5761378513048245,2,death_mobility
arima,Australia,NA,7,new_cases,8397.283667989144,14767.686306816742,118.92379467817608,8397.283667989146,7733.032748188971,4288.561126153081,11023.86368409766,5347.769371398525,2540.5984668671254,30282.154169224097,13002.579469181313,10564.885914964143,7808.697958893665,18774.388921725113,7001.248888888848,3417.734396421198,30441.74134884661,118.9237946781761,117.72951850496197,82.44212187664546,157.68088205912272,43.60840417902273,23.426421122404374,182.25699610456894,37,19,33.93,"(58.06620139311144, 0.8927742574452213, 0.20508594210692538, 168.7541827114603, 79.10263935938941, 0.015484489301267603, 179.70574987813603)",128,46,26.44,"(46.57634318706641, 0.5212474015171088, 0.09985409757714916, 143.06818096543606, 76.45938052827813, 0.002232115582699007, 179.77326836116688)",0.71875,0.203125,2.2222222222222223,1.6289858106324409,2,death_recovered
arima,Australia,NA,7,new_cases,8417.931772974978,14775.283804935329,118.86854058763821,8417.931772974978,7736.976775757665,4296.531912630224,11013.398845751992,5352.226472095249,2543.109274052979,30308.518303199828,13016.679440217364,10552.039317286597,7809.748483942912,18801.834998018916,6991.070580891512,3425.467918146692,30464.248581843523,118.8685405876382,118.04874124178295,82.18728496686984,157.2488292642774,43.419249223744295,23.51404403568118,182.27426702028126,37,19,33.93,"(58.4845708015226, 0.892694404050809, 0.20503685307008107, 168.74254066711813, 79.4118391487207, 0.015673091283835504, 179.70594225359895)",128,46,26.44,"(46.711019170838696, 0.5158253996738541, 0.09997944647682058, 148.73877247461309, 76.5836992806806, 0.0023529429596286884, 179.77359575427695)",0.71875,0.203125,2.2222222222222223,1.6289858106324409,2,death_stringency
arima,Australia,NA,7,new_cases,9647.003777394746,16656.130793199773,127.0298320694499,9647.003777394748,8123.243627809508,4856.664042785913,13253.110527279046,6133.227062965836,2795.371523786678,32612.713882756496,14289.078307246167,9208.433061834134,6635.09749889772,19978.70260948121,8558.559115269622,5010.7669986614255,33390.12277957375,127.02983206944988,124.69241511003764,95.77054313546651,162.9741953221176,40.46544244433642,37.3972377484097,194.5120707783546,46,10,17.86,"(28.073992475345594, 0.1689385687772565, 0.06499791227991886, 4.787881455266801, 57.76973844905053, 0.005790156693633945, 177.88509245155896)",156,18,10.34,"(17.356742576932604, 0.09493250853180674, 0.042070799312463485, 0.927508786357799, 49.07144109824237, 0.0004752778704827025, 178.16673505006204)",0.625,0.28125,1.7083333333333333,1.7564580631305242,1,no_exog
arima,Brazil,NA,14,new_cases,11895.300144842156,18733.058624983252,117.00716768144295,11895.300144842156,6430.641583931074,5218.387594585306,18939.256733522816,9385.5342374751,2682.7028893527417,37316.515836181716,14765.298743684654,8108.985208821023,6772.019428990518,23852.47859815978,11528.809064981682,2813.918174637532,45721.9868658077,117.00716768144295,119.93128632063106,100.86282296043638,133.77258820483183,23.110154532103685,61.23610729831211,165.46150214137822,113,19,14.39,"(25.955154611056155, 0.1761954097760176, 0.06659352826866786, 0.7904392687724118, 61.031027966290154, 0.0005612831253137678, 179.49890999228595)",150,24,13.79,"(25.15282043767949, 0.16748560510404686, 0.059368153773283965, 0.5673787665304895, 60.24165538659513, 0.0005612831253137678, 179.49890999228595)",0.49242424242424243,0.5,2.5223880597014925,2.6248128877336847,1,death_all
arima,Brazil,NA,14,new_cases,11831.927446275582,18721.484228699752,116.45757873931994,11831.927446275582,6204.335386935998,4928.446321291789,19209.061188965123,9577.19069051957,2853.9188057161523,37278.60386701727,14646.132019634197,7814.719579302226,6390.938482803639,23972.899540739374,11661.251587582678,3001.782919057929,45666.70260907559,116.45757873931996,118.90738101529645,98.93548467833246,132.43995173021295,22.703507350003903,61.30931487769457,161.70282518494304,113,19,14.39,"(25.54888489327757, 0.16995045865072456, 0.06750188452015535, 0.6371096903159158, 61.34835971478409, 0.002879802991172651, 179.57487054843634)",149,25,14.37,"(25.5439086894132, 0.16733196122801702, 0.059897120832453486, 0.5448528842965921, 61.486294194205946, 0.0019295892317657479, 179.57487054843634)",0.4696969696969697,0.5227272727272727,2.414285714285714,2.5959436425787703,1,death_mobility
arima,Brazil,NA,14,new_cases,11992.153657550976,18565.48193747948,116.54250285538303,11992.153657550976,7359.961688803254,5340.489555788286,19419.387533940197,9280.861354684694,2501.7582096482483,36839.738258284764,14630.499199875565,8736.206735829252,6643.291941909633,23719.994733824424,11429.156256404807,2988.1070882537915,44422.18917774531,116.54250285538303,120.54910074337286,100.7451729648578,132.38913774971147,22.47399510797187,60.824437747956615,161.48955010405086,114,18,13.64,"(23.690470554161433, 0.14802823264639287, 0.07483640935012768, 0.42001525763280323, 58.67448102272225, 0.0003427685657191244, 179.59640159370076)",151,23,13.22,"(23.1539522436167, 0.13734109518587823, 0.06434658001552118, 0.4359005674523109, 58.43370991318279, 0.0003359948590066753, 179.59640159370076)",0.48484848484848486,0.5075757575757576,2.3088235294117645,2.6891565172677243,1,death_recovered
arima,Brazil,NA,14,new_cases,12131.493263974338,18777.01648595694,116.66577693832372,12131.493263974338,7517.148874500871,5355.773203754448,19360.999492402607,9399.075070769662,2530.6139190226017,37011.15738304336,14795.369920368576,8916.994548895116,6634.204435508044,23724.826029507996,11561.720331912185,2982.0311904907994,45287.91497113217,116.66577693832372,120.52704332057141,100.93951726907477,132.4478402771968,22.428574713387494,61.087877287421065,161.54739403579396,115,17,12.88,"(22.505529779057966, 0.16661565635810552, 0.07445015030759077, 0.47265930521530103, 57.593289391376295, 0.005881426667018453, 179.5849217766827)",152,22,12.64,"(22.25450571915141, 0.14487833846978326, 0.06840632631360864, 0.4809465537619045, 57.602663303966615, 0.0036450920635078456, 179.5849217766827)",0.5075757575757576,0.48484848484848486,2.276923076923077,2.7528831040593396,1,death_stringency
arima,Brazil,NA,14,new_cases,14664.673592029583,21704.88499399888,123.9469479574806,14664.673592029585,10810.353458743968,7137.745768046047,21494.57952042879,9856.773710173387,3787.0651779718637,42476.599401772844,17896.122203427538,12924.949704704191,8845.138603678495,27464.77614380871,12281.320885096426,4496.331256166027,50939.81074760462,123.94694795748059,130.6057919344163,104.96545994887612,143.79296854963087,24.30261756184362,64.24840145772892,167.17412917818783,114,18,13.64,"(24.12485352951191, 0.20656951305417662, 0.08019630754636922, 0.7373702658714956, 59.76227205559099, 0.003998705122821333, 179.74384543405154)",155,19,10.92,"(19.478473578058342, 0.19118719037613638, 0.07737617111057901, 0.6814186781729537, 54.3097155408202, 0.003998705122821333, 179.74384543405154)",0.553030303030303,0.3333333333333333,4.186440677966102,4.137609572551342,3,no_exog
arima,Brazil,NA,28,new_cases,12396.356838137202,19362.709395465456,123.53761332340005,12396.356838137202,7280.3330095635,5639.266549133281,19768.825692738814,8623.420003585003,3159.580557981203,31642.678884197732,15934.65229249887,9712.005982250657,6883.900922409466,26459.42284240085,11000.062338478208,4230.723007856533,40102.936343683024,123.53761332340005,122.06826726708337,104.33307739225155,137.38343570483332,22.833901647868533,78.2543497156308,177.72093036593319,154,20,11.49,"(21.03595931185098, 0.34232926308209016, 0.15834102148001702, 1.306995894591721, 55.10005592212166, 0.007145579951373233, 179.11772665997506)",154,20,11.49,"(21.03595931185098, 0.34232926308209016, 0.15834102148001702, 1.306995894591721, 55.10005592212166, 0.007145579951373233, 179.11772665997506)",0.2137404580152672,0.7061068702290076,7.41747572815534,5.9436775539443305,6,death_all
arima,Brazil,NA,28,new_cases,12362.055045824009,19389.941288089984,123.05368816223341,12362.05504582401,7015.398059944346,5440.884949785915,20049.763020931256,8822.061213677476,3013.8056874492563,31624.965909535465,15859.378725626166,9601.470413566958,6694.388883374557,26279.318345630956,11155.712867976334,4289.6882977624,40069.282884833796,123.0536881622334,121.052920722001,104.5840040887105,137.45867216792703,22.33592685894581,77.68429824180345,175.55950613528333,151,23,13.22,"(23.73544781521115, 0.3266699539659835, 0.15779942123675184, 1.2992581585109422, 58.340697879919496, 0.011314352739180486, 179.0919645873876)",151,23,13.22,"(23.73544781521115, 0.3266699539659835, 0.15779942123675184, 1.2992581585109422, 58.340697879919496, 0.011314352739180486, 179.0919645873876)",0.20992366412213737,0.7290076335877863,6.821256038647343,5.63552638517552,5,death_mobility
arima,Brazil,NA,28,new_cases,12499.771681196036,19275.963762354633,121.56994706816684,12499.771681196038,7941.277093562531,5908.720813137531,19969.949497695987,8583.7281668578,2938.9031826903883,31507.414756926457,15778.459553117178,9835.881752580495,6806.372906287312,26182.410258761734,11072.623586948768,3780.779247582317,39928.78961322336,121.56994706816684,122.00105438823508,104.35802016746918,132.7374292496474,21.109368671265962,77.19155111014823,174.98205029598236,155,19,10.92,"(20.38307278973835, 0.3578952758197017, 0.15534320607754665, 1.3745961931716753, 53.1661752962903, 0.014577322516167756, 179.11314965740763)",155,19,10.92,"(20.38307278973835, 0.3578952758197017, 0.15534320607754665, 1.3745961931716753, 53.1661752962903, 0.014577322516167756, 179.11314965740763)",0.21755725190839692,0.6946564885496184,6.282926829268293,5.941541295009745,5,death_recovered
arima,Brazil,NA,28,new_cases,12594.890846421216,19388.99831466038,121.63844152946734,12594.890846421215,8324.850379278867,5919.127168140344,19978.871520504286,8630.595796470756,2959.177092343158,31523.15455358692,15890.35010948077,10067.929097333734,6818.142939044165,26230.81004146741,11109.906797270058,3796.476969354027,39952.975133595624,121.63844152946736,122.16279299311714,104.46823297776623,132.7120918583426,21.082848931296372,77.09531725939833,175.13659569422296,155,19,10.92,"(20.17537455057286, 0.39900210886910936, 0.16183348974101858, 1.3803311309133857, 52.99785972769937, 0.019532229516820633, 179.11005912394046)",155,19,10.92,"(20.17537455057286, 0.39900210886910936, 0.16183348974101858, 1.3803311309133857, 52.99785972769937, 0.019532229516820633, 179.11005912394046)",0.20992366412213737,0.7022900763358778,6.618357487922705,5.85208047046066,6,death_stringency
arima,Brazil,NA,28,new_cases,14989.710088582462,22194.77711144349,127.88952011899266,14989.710088582464,11122.925712800852,7170.125477185998,22359.63142586484,9120.957561199062,5046.945528834053,35734.04711710993,18772.550143275952,13517.342601789745,8697.386227510058,29126.38344482267,11840.586646988655,6202.180711312681,44793.77345010686,127.88952011899265,128.9340330840579,108.36464908109545,144.36658350102863,23.435404858343464,80.4938119725251,189.64575213595407,165,9,5.17,"(9.444836897950873, 0.5769597317469151, 0.310639073189531, 1.231558974070731, 35.29387370192592, 0.09460979551909096, 178.65357485695816)",165,9,5.17,"(9.444836897950873, 0.5769597317469151, 0.310639073189531, 1.231558974070731, 35.29387370192592, 0.09460979551909096, 178.65357485695816)",0.4389312977099237,0.4198473282442748,8.755102040816327,7.441637613202398,7,no_exog
arima,Brazil,NA,7,new_cases,11445.640086577718,18188.226692708668,118.39066180435891,11445.640086577716,6544.697833835188,4434.43332301464,18644.603049339872,9581.1640406109,2372.973757413844,43631.885909616896,13852.427941575192,8613.359726261388,5624.932780614273,22141.208337619013,11786.510524698437,2974.323647241819,55200.35854502675,118.3906618043589,123.7404863827978,96.84424074385457,146.70237951717627,29.71559972702494,44.423360740738104,161.26150341589292,53,13,19.7,"(35.75309560067891, 0.23091664216232952, 0.05403057569376602, 1.5298906815526003, 70.64569836547587, 0.00041880007387970567, 179.394701215432)",144,30,17.24,"(31.233898897595736, 0.13478173503480612, 0.03100353812011676, 1.058367259803859, 66.40123765222731, 0.00039913478755217136, 179.394701215432)",0.5151515151515151,0.42424242424242425,1.15625,1.7433629903519898,0,death_all
arima,Brazil,NA,7,new_cases,11290.648809884775,18085.09592347572,117.62233202442007,11290.648809884779,6092.2891031603285,4440.524264814454,18441.266036034136,9713.429748093471,2486.1423767718684,43604.522175798535,13690.176300454621,7879.602891296476,5616.79600373723,22003.401755841456,11817.35027084281,2913.5323868115884,55139.72763335379,117.62233202442007,123.39479443885587,94.63636559650203,145.70314594106026,29.350990832817413,44.29407708389556,157.0479151563698,52,14,21.21,"(38.2088423170694, 0.23802743750405247, 0.055782026832717754, 3.4519994138291645, 71.60523953939642, 5.681099270313471e-05, 179.47599498225432)",144,30,17.24,"(31.06613367470668, 0.1191594572881852, 0.027139524243156077, 1.1813977421260424, 66.11754002422035, 5.681099270313471e-05, 179.47599498225432)",0.48484848484848486,0.45454545454545453,1.0588235294117647,1.7045603089073493,0,death_mobility
arima,Brazil,NA,7,new_cases,11685.975404186853,17948.741974320983,119.18602952454754,11685.975404186853,7426.834212203164,4495.586320558912,18455.230299514296,9435.858139067894,2541.52811489157,42912.447328501126,13783.131842756993,8615.709850053441,5885.39216488476,21907.030978430197,11497.069846962317,2935.1412637969197,53110.503873239715,119.18602952454752,127.94412668528747,95.10035375018576,145.76642752994525,29.89292406029921,42.8253422176384,158.8024207242204,54,12,18.18,"(32.13998808475408, 0.22081821223580714, 0.04999008005808588, 1.218697040409299, 67.12575366065603, 0.00043123763078121264, 179.41163180786464)",146,28,16.09,"(28.239803229837626, 0.10927872759463175, 0.026425363958516048, 0.9196017988401787, 63.85183374634638, 0.00022524873712482442, 179.41163180786464)",0.5454545454545454,0.4090909090909091,0.9333333333333333,1.720732268608305,0,death_recovered
arima,Brazil,NA,7,new_cases,11822.544846448394,18205.29188515627,119.33967675954167,11822.544846448392,7876.835830340062,4529.378718062613,18420.668949343577,9448.429331954989,2495.807796923542,43204.91756883235,13992.238342941002,9088.811231360041,5991.013151751335,21827.419349657106,11646.884509518779,2903.6207310084246,54607.95470210931,119.33967675954169,127.70546104666823,97.1022676556046,146.0341002091276,29.62596770649778,43.61909368799189,158.52835754142205,53,13,19.7,"(34.64403263377303, 0.22489352344549143, 0.049463176268794665, 1.41910780449147, 69.17452041078234, 0.0001272556958576617, 179.3685063152893)",145,29,16.67,"(28.958063870944088, 0.11722387608030808, 0.025079710592574633, 0.946012409726982, 64.17187952654379, 0.0001272556958576617, 179.3685063152893)",0.5606060606060606,0.3787878787878788,1.0344827586206897,1.782509439379728,0,death_stringency
arima,Brazil,NA,7,new_cases,14764.509037622815,21680.23379717332,127.42798088436544,14764.509037622815,11933.61731400745,7548.06425644214,20565.83023665577,10108.433452614414,3054.670059228261,49844.01957256451,17660.643434039135,13343.482806321792,9401.141412402596,24929.592613260633,12575.14258351875,4190.366221560009,61477.14988249736,127.42798088436543,131.53804968432854,101.34173226441746,156.83773270629356,31.855918959728573,48.26370397984747,173.85943768757107,55,11,16.67,"(29.320329824927644, 0.1876763665058609, 0.05931043995407171, 1.6336706153764506, 64.22127271347331, 0.002236392535634591, 179.68550785094763)",147,27,15.52,"(27.506202314872873, 0.1354509655876135, 0.024821808266035264, 1.016478119869352, 62.74283177674608, 0.00047421743556888, 179.69882388629264)",0.6515151515151515,0.30303030303030304,1.173913043478261,1.7228985595908761,0,no_exog
arima,China,NA,14,new_cases,5830.452419240049,9963.716301739309,55.07605994695026,5830.4524192400495,3638.265822287701,1483.9460516987986,6720.526750786102,5995.320203086412,285.29391135012384,26921.205387542665,7012.571111751399,4381.374245793158,1914.5013412084024,8398.803852932273,7078.0992465615645,377.5996509036238,31681.834554540466,55.07605994695027,37.58303672275529,16.682695197206137,58.78498342201323,54.64481640437431,4.386468380193599,199.88866812790172,76,8,9.52,"(15.683466517999406, 0.3928195501845757, 0.11181568896015595, 1.0004452950043556, 46.994672066163574, 0.035169769663202566, 179.37250670523414)",143,31,17.82,"(30.30142308795894, 0.2838801028039851, 0.07909392695916688, 1.0159660354069993, 64.74626211536398, 0.028954508729614116, 179.38916231427393)",0.5238095238095238,0.4523809523809524,3,2.661718573161307,2,death_all
arima,China,NA,14,new_cases,5768.217695082554,9901.250983781314,54.79283239477103,5768.217695082554,3668.6602582159335,1512.6564098842496,6527.7540044428415,5934.598218643637,281.110191614038,26932.87112994029,6966.216755445432,4374.49349474261,1920.5963551668438,8401.081311567094,7036.092321735253,365.2672533689548,31696.125507082423,54.79283239477105,37.590740541177645,16.868569508136215,57.92110381189721,54.49121399509531,4.314112382224022,199.88690244451658,76,8,9.52,"(16.323872926871758, 0.3982111294670724, 0.11286988534003511, 0.9302222993569631, 48.556259726458016, 0.03634506110642794, 179.05297292142728)",143,31,17.82,"(30.586890114112784, 0.27716990866378655, 0.08044205507246158, 1.0485962168244374, 65.17437466611035, 0.028258721952283912, 179.16410616705855)",0.5317460317460317,0.4523809523809524,2.9491525423728815,2.5422209188950444,2,death_mobility
arima,China,NA,14,new_cases,5767.884019925709,9902.845571868895,54.68243203481825,5767.88401992571,3670.6589936398427,1512.6596217139995,6534.209572179704,5936.951221001974,281.03652170815565,26934.07467810571,6965.894074420708,4374.061589901951,1920.1785972953853,8401.081311929105,7038.655423035982,365.3024712720987,31697.128666360422,54.68243203481824,37.59687445597791,16.85444426297099,57.921103938382515,54.21170143105703,4.31302741371526,199.88694738974044,76,8,9.52,"(16.31878720771264, 0.3982279661436215, 0.11286988523249201, 0.9300615515050059, 48.54823562248667, 0.03634391810183717, 179.05297292117717)",144,30,17.24,"(29.625202528032844, 0.27713618453539274, 0.08043549868866995, 1.0484149010971238, 64.28556261867375, 0.028264582091560558, 179.164568762459)",0.5317460317460317,0.4523809523809524,2.9491525423728815,2.5422209188950444,2,death_recovered
arima,China,NA,14,new_cases,5814.007633974964,9946.460294364142,55.02701004339006,5814.007633974964,3675.9067098873847,1482.9387553460126,6485.605974662995,5987.139093480993,285.97624684060054,26919.41786907404,6996.665441685466,4411.120374791702,1914.5037983365753,8398.803858917687,7069.5647026168945,378.3297336387196,31680.18525779678,55.027010043390064,37.58328011165152,16.68269499481042,59.13542717062178,54.61418026292874,4.39731695802796,199.88985199051098,76,8,9.52,"(15.670229944484602, 0.3928187096134108, 0.11086355989222765, 0.9975020509169454, 46.97370068318148, 0.035169773944520984, 179.37861234007173)",143,31,17.82,"(30.301007739565524, 0.28371053353786646, 0.07909203655763161, 1.0157205745450826, 64.75983920945177, 0.02968329323162086, 179.39149761743622)",0.5238095238095238,0.4523809523809524,3.0166666666666666,2.6712002422999435,2,death_stringency
arima,China,NA,14,new_cases,5719.688572320194,9817.437943528703,54.609390767406104,5719.688572320194,3566.6938676418918,1510.23905087512,6720.225494316367,5866.2932209164455,281.03091695398865,26907.09798545112,6914.152462083109,4217.337876344708,1922.5912904722632,8397.581317050626,6969.690345066067,364.65084251472945,31668.99801804083,54.609390767406104,37.59390234877351,16.88654424808703,58.92379364397785,54.475588613095006,4.312671590038081,199.8887282990965,76,8,9.52,"(16.259392811620227, 0.3977773770523826, 0.11323488290317434, 0.9303240043604311, 48.422592777006514, 0.02465801437304285, 179.048578645228)",144,30,17.24,"(29.60729834989792, 0.2841038305754315, 0.07912826508530818, 1.0478856463293047, 64.24447073261568, 0.02465801437304285, 179.16854530735432)",0.5238095238095238,0.4603174603174603,2.933333333333333,2.523561289511492,2,no_exog
arima,China,NA,28,new_cases,9325.328974580383,14522.457384567804,71.2107530278385,9325.328974580383,7289.578320831555,2809.4566093699837,14225.820158979679,7683.709994648386,681.1726514609798,50935.886948182,11347.398187517525,8697.050725662899,3734.7776391697885,17862.86263508234,9063.019522240475,920.6531792307458,52553.26552234085,71.21075302783852,51.56592548565288,35.46433842236051,87.80524704608892,52.48407841180382,9.931599731380123,199.93304160134048,108,12,10,"(18.997433559445167, 0.909785945568786, 0.33862280032278325, 2.01300569527418, 51.831807085019456, 0.05128125039099034, 179.44484245131736)",133,41,23.56,"(41.171677724484155, 0.9656658476177903, 0.28625053544340473, 10.438358122998883, 72.1781223741936, 0.03210065429535011, 179.44484245131736)",0.6166666666666667,0.31666666666666665,7.663043478260869,6.022443689906023,8,death_all
arima,China,NA,28,new_cases,9309.780069003631,14535.538896037599,71.2122290517976,9309.780069003631,6958.844171580253,2808.1307578943715,14219.453326348059,7715.2331931172275,716.0125929415842,50732.507399636845,11344.840505231841,7764.566815224569,3790.85243406015,17847.70507508009,9087.160442573513,980.7452909416693,52356.72796188215,71.2122290517976,51.563377690426485,34.39547378253415,87.83066058146157,52.40008275878914,10.45973324376165,199.93182459719233,106,14,11.67,"(22.010803147808698, 0.9183839020556805, 0.3380076210374379, 2.081322739083766, 55.29221380146661, 0.016679647586408552, 179.4507334030711)",131,43,24.71,"(43.20697234844533, 0.9770283833900084, 0.2815523655343445, 43.204241866135675, 73.22860679175278, 0.016679647586408552, 179.4507334030711)",0.6291666666666667,0.3,7.112359550561798,6.205639301633766,5,death_mobility
arima,China,NA,28,new_cases,9307.67241991214,14534.86393569747,71.16926894704504,9307.672419912142,6952.057234420443,2808.275211457553,14220.199217007337,7716.1790700164975,716.0512946224748,50732.44211240705,11342.912460847077,7684.212401923216,3791.3960834117815,17847.786090241258,9088.48758236479,980.7842743340278,52356.664318837284,71.16926894704504,51.56341909353148,34.39627190652422,87.80598085593451,52.298088340976804,10.460329755514586,199.93185285962767,106,14,11.67,"(22.012516612955967, 0.9182237550702463, 0.33800762580154864, 2.081189176810316, 55.29687968038862, 0.01667964754880574, 179.4505096549355)",131,43,24.71,"(43.195476681034116, 0.9770189294789118, 0.28146693583950394, 43.20964986293055, 73.21111601088914, 0.01667964754880574, 179.4505096549355)",0.6291666666666667,0.3,7.112359550561798,6.205639301633766,5,death_recovered
arima,China,NA,28,new_cases,9319.134763807579,14517.833077596202,71.18685177044019,9319.134763807579,7215.365776101784,2809.4767859345093,14225.478563442832,7682.234646097933,681.0794695138401,50916.696048757934,11343.221052297833,8773.822954083565,3796.3434228848896,17859.069503881707,9060.839554238539,920.2778890908473,52534.21113538581,71.18685177044019,51.56778199843896,34.905496756746366,87.80024615161997,52.48256696021849,9.930223973131245,199.93377106093232,108,12,10,"(18.97151548881678, 0.8995690985555881, 0.3386215382558385, 2.0132976278606804, 51.83299042744476, 0.008309923391469713, 179.4447512298315)",133,41,23.56,"(41.152729812256105, 0.9767418650395032, 0.28624253010396616, 9.531661902290491, 72.17365924165111, 0.008309923391469713, 179.4447512298315)",0.6208333333333333,0.3125,7.714285714285714,6.030083313015233,8,death_stringency
arima,China,NA,28,new_cases,9224.526365837135,14423.594872737047,71.0010008125939,9224.526365837135,6966.314460015234,2807.1134317602177,13893.597996223556,7632.836661448299,715.6435753276797,50690.81310634147,11255.909585571304,7713.061231814772,3790.6355855496095,17839.06480364415,9019.123485920925,980.3601696144503,52315.88404792359,71.00100081259389,51.46518624524212,33.23553834969706,87.77983108731999,52.371997818254684,10.454047550905155,199.93281909005006,106,14,11.67,"(22.00991378887515, 0.9153002171182687, 0.32247819727903615, 2.082671643209027, 55.306755860245865, 0.01791441367858491, 179.45109839133283)",131,43,24.71,"(43.235371774039976, 0.9668001023372701, 0.276444145549631, 43.23690678822927, 73.28465339948991, 0.01791441367858491, 179.45109839133283)",0.6458333333333333,0.32083333333333336,6.047058823529412,5.586774097628001,4,no_exog
arima,China,NA,7,new_cases,4721.90246554644,9822.595334743259,46.93288934850376,4721.902465546442,1802.0322913369546,682.2412692345831,5096.170605084835,6867.449193513496,247.0266393449439,30981.128966436412,5673.845480024449,2196.748844122505,882.5898830126051,6583.877818022127,8018.157929283144,280.51692176901133,34851.04217919262,46.932889348503764,24.573231837111138,8.360818925133115,55.28555132912426,57.90270667258013,3.9286096864364275,199.61700324230088,41,1,2.38,"(4.827836914860028, 0.18702641842969606, 0.0469676943060673, 0.6026828417150676, 24.44285107662177, 5.7597724362395143e-05, 160.6535487530966)",166,8,4.6,"(7.960622765862331, 0.05338531336964186, 0.01347622833498383, 0.1889641535289271, 34.892976440332866, 5.7597724362395143e-05, 178.1936580886269)",0.4285714285714286,0.5714285714285714,0.9444444444444444,0.892650769800484,1,death_all
arima,China,NA,7,new_cases,4755.09959631882,9858.448894682548,46.956078730906725,4755.099596318821,1769.4762875102165,701.9088050122672,5320.33416633271,6892.982364838022,240.91261169350324,30989.936893440958,5697.72556815044,2203.800792343028,885.6052905734656,6908.864228955032,8045.1810395486,275.30759230638085,34865.18976569838,46.956078730906725,24.594661335021705,7.823531921294746,51.84930666895438,57.77438306422755,3.829960654052278,199.6238818890261,41,1,2.38,"(4.850219976683457, 0.18705322666755586, 0.047026483664571905, 0.6123845929521258, 24.583731097274164, 0.0005111885920682174, 161.68087081637117)",166,8,4.6,"(7.984910240334911, 0.05214177729596819, 0.013495650453098317, 0.1890022815927208, 34.94421153214858, 0.0005111885920682174, 177.55726818744878)",0.4285714285714286,0.5714285714285714,0.9166666666666666,0.9063269671749657,1,death_mobility
arima,China,NA,7,new_cases,4755.08118760116,9858.655298842421,46.53899109452085,4755.08118760116,1766.51218271509,701.5695402077965,5320.334164276936,6893.1044257132935,241.32577916108727,30990.695670955876,5697.928264028586,2201.353199758972,885.5698052550308,6908.864226061866,8045.290411127364,275.3655328363301,34865.9009804007,46.538991094520846,24.594661460464078,7.827972264246957,51.841704911224475,56.72553800937427,3.8365167633049277,199.62216055813062,41,1,2.38,"(4.851428515354768, 0.18717092205524305, 0.047026483397021174, 0.6122441861241026, 24.58391892095091, 0.0005165801703643543, 161.68065366840827)",166,8,4.6,"(7.986106709076797, 0.051219169307080134, 0.013495649918295355, 0.18967205838703913, 34.944025937604835, 0.0005165801703643543, 177.54528445190712)",0.4285714285714286,0.5714285714285714,0.9166666666666666,0.9063269671749657,1,death_recovered
arima,China,NA,7,new_cases,4705.011493866734,9820.11341080167,46.985451351124006,4705.011493866734,1725.8905861800356,682.2328288110909,5096.170580278193,6875.405279583364,248.8402214459458,30975.69484585483,5656.62352635604,2196.434033290013,882.5682763362767,6583.8778038179225,8027.280839866149,281.53717023902954,34849.18386444331,46.985451351124006,24.573176486175477,8.357065311974072,53.734892443380666,57.914451315196956,3.9578660434247674,199.6356353262308,41,1,2.38,"(4.82838112601796, 0.18676913521940613, 0.04696769426122091, 0.6026346717374971, 24.440840502943466, 6.392189718879754e-05, 160.64194865012885)",166,8,4.6,"(7.94880490420235, 0.05203425112100091, 0.013476475660052832, 0.1983402423040681, 34.7857668026965, 6.392189718879754e-05, 177.5470835996518)",0.4285714285714286,0.5714285714285714,0.9444444444444444,0.892650769800484,1,death_stringency
arima,China,NA,7,new_cases,4754.463161118502,9857.457965061214,46.90019397136691,4754.463161118504,1669.256855681486,701.958653818117,5305.04510057197,6891.338066676437,240.9653371216352,30963.470148312335,5698.387344517351,2217.480112894292,885.2047234135578,6885.9754516911,8043.497945843789,275.5570416026056,34840.89313447752,46.90019397136692,24.508548126827883,7.7877043271948345,50.68559341,57.83725301084149,3.830762930399271,199.64990255274444,41,1,2.38,"(4.849955119532963, 0.18685837831379665, 0.04676700556760467, 0.6123467079573873, 24.586901684120985, 0.0005681879559741774, 161.6926291329705)",166,8,4.6,"(7.990368437358278, 0.051304054843114205, 0.013352690286486526, 0.18737011563083408, 34.954427371269965, 0.0005681879559741774, 177.6111609879794)",0.4285714285714286,0.5714285714285714,0.9166666666666666,0.9063269671749657,1,no_exog
arima,Germany,NA,14,new_cases,14216.645803001944,23795.521425345145,82.26396418692394,14216.645803001946,7582.262134202482,5928.267141938991,21705.31618314006,13183.817135216243,3384.2783141024042,50981.47659002765,17539.26204957221,9230.75539627537,7010.615010019814,28932.16836358019,16081.079772841615,4599.686156448091,60322.232791439164,82.26396418692393,80.57201019398067,73.12323269230497,89.97155618981085,11.689697746404216,64.90383131946615,116.42686864882161,64,34,34.69,"(62.80525136557075, 0.41425861665575753, 0.08169359931532466, 179.18228768082832, 84.95782848800361, 0.002027030375759427, 179.9257078902988)",120,54,31.03,"(56.05347557671426, 0.18889679433330475, 0.02701065814680988, 179.13395252210643, 82.76645242776765, 0.0008302134812214942, 179.9257078902988)",0.4642857142857143,0.41964285714285715,4.25,3.680571989445598,4,death_all
arima,Germany,NA,14,new_cases,13263.727694507357,22367.17865286168,80.5482292600607,13263.727694507359,6682.765515918241,4707.955998024481,16816.789771686992,13029.811620573802,3026.2764799825422,52563.42074428934,16124.415127952481,8312.834943949656,6157.514774906781,22827.259369856165,15501.41663431083,3373.844227145682,60376.09357958956,80.54822926006071,79.03002685425679,72.11110904695474,87.59411852273459,11.289826787252204,63.87081329347725,112.58808606148942,62,36,36.73,"(66.1055944780004, 0.38064944857448757, 0.04745461045644225, 179.2525068327786, 85.97235395902227, 0.00026306275775473016, 179.9297307386187)",117,57,32.76,"(58.83017590437051, 0.14175204354753773, 0.024904058043265474, 179.10687837517375, 83.7938835630651, 0.00026306275775473016, 179.9297307386187)",0.4107142857142857,0.48214285714285715,4.378787878787879,3.5421208402057722,4,death_mobility
arima,Germany,NA,14,new_cases,12970.97464467991,22647.080966238907,80.67322890119581,12970.974644679914,6085.888640351359,4163.291506026781,16495.60895868524,13598.271360845074,3120.1151620290666,56314.58851659364,15867.211762564422,7582.811331421307,5307.955041020692,22827.944117431587,16159.26567555957,3473.8195042986863,64831.23927214471,80.67322890119583,79.29260177874573,70.5891033760918,87.9407901104596,12.389148628151625,63.79186389205572,115.0898207504791,64,34,34.69,"(62.778670298991585, 0.3798335819962224, 0.050074404160576846, 179.21818820230317, 84.94200412447823, 0.0015092872115119492, 179.92894460368979)",120,54,31.03,"(55.94407093667967, 0.14377852287593101, 0.02680680586314227, 179.20643640276245, 82.66308818973899, 0.0002650480206529046, 179.92894460368979)",0.4107142857142857,0.49107142857142855,4.106060606060606,3.356411948122752,4,death_recovered
arima,Germany,NA,14,new_cases,12813.911892979684,22400.355236582578,80.57944776597861,12813.911892979686,6082.620478547474,4174.2937168102,16481.248719341602,13365.88065167448,3094.0884374293787,56492.91736182252,15721.443241062201,7578.758665549105,5318.1519094440555,22776.359237488483,15956.570344004129,3443.685264888676,65026.0005085891,80.57944776597861,78.8874778651263,70.56543937701713,88.01626410505924,12.458676010462334,63.73849881543199,114.91521413819419,64,34,34.69,"(62.832148328457706, 0.3777623482658637, 0.049094152414773454, 179.21581650601252, 84.912024681242, 0.0017044950222705297, 179.92456189230694)",120,54,31.03,"(56.01221313270209, 0.1433719071598189, 0.026510698135009808, 179.20447343134262, 82.70062633169394, 0.0002899064442975959, 179.92456189230694)",0.4017857142857143,0.5,4.08955223880597,3.347234694416047,4,death_stringency
arima,Germany,NA,14,new_cases,13755.524477838808,24801.59128203448,79.31816762169885,13755.524477838806,6617.915843088154,3861.4086076312715,21163.677857096,14845.805297216397,2087.7516897836117,65082.54552133018,17130.969186729948,7432.574373398458,4935.290807345164,26351.450753529854,17934.57066239384,3046.951457411945,74220.29493307651,79.31816762169885,76.26613307453495,68.72366397610061,88.94537572335747,13.371804066537425,61.70068862473113,125.13093863517157,59,39,39.8,"(71.58970881109884, 0.49982100286917774, 0.06916068799567597, 179.1782190981927, 87.2668199892845, 0.0012792885012468727, 179.92542092578827)",120,54,31.03,"(55.64121261604633, 0.1792085151108027, 0.024078849405597468, 178.004799634647, 82.41619555190788, 2.8619155386845736e-05, 179.92542092578827)",0.4107142857142857,0.4732142857142857,4.212121212121212,2.9846538338907087,4,no_exog
arima,Germany,NA,28,new_cases,18957.569374670275,29826.013218977812,92.14027258919741,18957.56937467027,12069.882809044711,7214.46472807446,31431.38911476515,14593.18583730844,5346.460542118107,57553.031574994144,23891.670074547896,15807.237076819452,9033.24883970926,41979.96611915206,17854.387852502587,6429.644617589133,63351.31347457691,92.14027258919741,89.86244821231001,81.13465880519246,102.5262159785745,14.213922289877067,70.07997160464619,136.46383598896125,99,65,39.63,"(71.2470673410059, 0.5192562013117832, 0.08701422891436043, 178.86131267467113, 87.0457103275355, 0.0013839791156303517, 179.80915611156243)",108,66,37.93,"(68.18292823311512, 0.47993450059022247, 0.08727505246279127, 178.81401288041627, 86.36003764904265, 0.0013839791156303517, 179.80915611156243)",0.5418502202643172,0.36123348017621143,9.423076923076923,6.4094776723895635,10,death_all
arima,Germany,NA,28,new_cases,18369.098773136044,29588.59885329713,91.14587280093485,18369.098773136044,10749.32737907902,7210.9511163002135,28898.72341046652,14952.659031035379,3281.155251934434,69494.52521806642,23251.262633291743,14534.664513742611,9062.82641938862,40658.811160424055,18299.288730959663,4290.942635344456,76211.33222047509,91.14587280093487,89.33194238994297,79.89539045114003,101.14919007950226,14.528168763447953,68.26675162944494,135.80944138776857,100,64,39.02,"(69.97964848154265, 0.5946728786916377, 0.08703592789345091, 178.666696867864, 86.82915877038705, 0.009174490965725415, 179.84901929434406)",109,65,37.36,"(66.95746798164211, 0.489593585522339, 0.08824659579001463, 178.6016865512691, 86.07219980356348, 0.009174490965725415, 179.84901929434406)",0.5154185022026432,0.3832599118942731,9.145454545454545,6.445019930270554,10,death_mobility
arima,Germany,NA,28,new_cases,18066.51508223184,29616.811460484376,91.54791887104294,18066.51508223184,10448.490778026355,6008.758328451959,28218.30143946363,14946.82206887765,3368.830292266347,67843.9113811668,23108.383041864396,14588.45501571756,7774.91230848367,40319.51467736784,18524.528449500478,4375.131183683883,75420.88339920019,91.54791887104292,90.63128261553463,80.25358915156016,101.27780472795973,15.094066096001699,64.36057421532063,139.40947703076898,99,65,39.63,"(70.84583023285593, 0.5636837678365143, 0.09144532081382689, 178.76373892833612, 86.91418089986327, 0.008248581452448075, 179.83569515212778)",108,66,37.93,"(67.79298593691496, 0.4997096393320726, 0.09028262867770874, 178.6429332530151, 86.20663558101305, 0.008248581452448075, 179.83569515212778)",0.4493392070484582,0.45374449339207046,7.952,6.624558414984985,7,death_recovered
arima,Germany,NA,28,new_cases,17963.976831791388,29400.56111596635,91.4872123837641,17963.976831791388,10434.37655892727,5997.313514145921,28234.72514346732,14753.546960932821,3360.055457134435,67848.83245102597,22989.7473227346,14763.34317186776,7788.512262695983,40303.12725897059,18326.606668188455,4380.41979468454,75447.58288676324,91.4872123837641,90.4567252408599,80.24668114555215,101.29140658940265,15.10794035680359,64.23156905244532,138.9616543424946,99,65,39.63,"(70.9356251563788, 0.5668651144032667, 0.09297559672153641, 178.7395080552061, 87.00324181500939, 0.008415812207960581, 179.80413905959054)",108,66,37.93,"(67.87617607801228, 0.49652626866345956, 0.09062608168488755, 178.64335005088444, 86.2926418346176, 0.008415812207960581, 179.80413905959054)",0.4581497797356828,0.44493392070484583,8,6.6702176335325465,7,death_stringency
arima,Germany,NA,28,new_cases,18967.721745970815,30874.836259394528,89.79321236523079,18967.721745970815,12131.8135729349,6095.083357449308,31189.684545653607,15411.281209221881,2555.730931018487,66367.0725920905,24107.332177963657,15926.572757064429,7312.093559235362,41966.50692994927,19289.687641476754,3393.8845129918964,73543.24633538541,89.79321236523079,86.32103471244072,79.13262280692719,101.37730129773337,15.70331183120522,63.47779422447085,128.87029396538827,124,40,24.39,"(44.207315084490375, 0.4414319599237214, 0.13112549265113557, 45.61070354238086, 75.34622295128148, 0.0015003983810069025, 179.79517233754763)",134,40,22.99,"(41.675111060780075, 0.3872902104240388, 0.11419161175819521, 6.303405839419879, 73.86436638239421, 0.0015003983810069025, 179.79517233754763)",0.48017621145374445,0.4008810572687225,8.296610169491526,7.000988113450989,5.5,no_exog
arima,Germany,NA,7,new_cases,11694.541344845411,22239.30543524611,76.32425665412492,11694.54134484541,5809.230772396086,4777.482536845384,12312.677987881467,13048.360961947285,3116.381464207128,62185.52595919116,15067.406388278414,7232.618015312617,6076.918467430465,15980.477351427315,16357.26049718088,3919.174696391302,71712.99134946264,76.32425665412492,74.08225666580555,68.11863910949052,82.35651664109373,11.195000764074674,62.415732466456596,111.04147697158298,27,22,44.9,"(80.49870508871427, 0.777326145295231, 0.15946655355340297, 179.3024991336435, 88.80803958640297, 0.008123409338911957, 179.93565164558467)",118,56,32.18,"(57.881078735009446, 0.1633314605954048, 0.03148217738483473, 179.3553801257313, 83.61321629190728, 0.00047149672436707957, 179.93565164558467)",0.4642857142857143,0.4642857142857143,1.3666666666666667,1.650148025404729,1,death_all
arima,Germany,NA,7,new_cases,11101.840543572474,21091.944187305427,74.82351044490578,11101.840543572474,4591.954590403973,3788.012665345783,10193.32044114445,13736.042205567157,2663.9070562085035,63333.06263637927,13590.965077320812,5877.51554607804,4730.1876606685755,13368.705249099543,16129.345239886625,2862.0329833183664,71315.34364882826,74.82351044490578,71.98400125010305,67.1470014781269,80.27087541556895,10.6645863928334,63.52557461724801,111.65806913760423,27,22,44.9,"(80.58806587444306, 1.295967142294973, 0.08473283003358778, 179.326280777896, 88.8414989996834, 0.007010312185829155, 179.9358758791759)",117,57,32.76,"(58.90402610633161, 0.14586592526116854, 0.028201784225973813, 179.31783511382451, 84.12963877862623, 0.00045985078435112033, 179.94859799499184)",0.4464285714285714,0.48214285714285715,1.2903225806451613,1.531742980770529,1,death_mobility
arima,Germany,NA,7,new_cases,11019.048637128892,21929.614799086037,75.32837005300355,11019.048637128892,4566.161548026692,3753.907556764814,7528.49946777238,14299.179989522192,2743.8246187852596,65402.1431606217,13626.706217645338,5496.463161790181,4645.895347475666,12654.650272227098,17181.992983768767,2924.457659387297,75147.81967612161,75.32837005300357,71.49635458143229,66.96131528642925,82.0134255046934,11.85123738353725,63.80441622214771,117.55911045503902,27,22,44.9,"(80.82793829756237, 1.2965440907970454, 0.08049918196699878, 179.31445738454929, 88.6456720488323, 0.006820762378660764, 179.93588288048116)",119,55,31.61,"(57.26735250646158, 0.14279771484739914, 0.027077668596263583, 179.27341767639678, 83.18111142425046, 0.0007262150748927453, 179.95206513641733)",0.4285714285714286,0.5,1.25,1.5026857675938214,1,death_recovered
arima,Germany,NA,7,new_cases,10713.806775310793,21591.372250394325,75.1173204826386,10713.806775310793,4534.4389877628055,3736.477426699229,7566.407754486918,13924.656974892043,2752.614876828546,65558.86384941947,13418.278301945586,5526.91444494711,4624.1502204861545,12676.747252285068,16915.58935026014,2927.4670532362934,75329.28827927499,75.11732048263859,71.64469826548464,67.05450405703749,81.59575215499282,11.870431099804023,63.867289941018804,117.78845892979145,27,22,44.9,"(80.750618323734, 1.2963427501378695, 0.07889937419149608, 179.31866530836487, 88.7052623082306, 0.006890343229011043, 179.93594751878)",119,55,31.61,"(57.172486099414485, 0.13548883130558165, 0.027975921602024452, 179.27682425791198, 83.19465012506093, 0.0007699755291156429, 179.95188064793476)",0.4285714285714286,0.5,1.21875,1.4969727517075382,1,death_stringency
arima,Germany,NA,7,new_cases,11191.213353488081,24480.88541978223,72.59176551312085,11191.21335348808,3885.431904103676,2547.245001144257,9160.112250480048,16014.816713242457,1397.7887692964164,72147.45712119063,14354.87322413617,4707.542168893922,3431.3091966930397,13031.776288045567,19830.56644817501,1943.3585314206948,82776.5689303922,72.59176551312085,66.90520954589266,63.836804106264154,78.05715676495508,14.134262544164391,60.15482739918977,127.55642227024997,28,21,42.86,"(76.78693088722392, 0.6617684040404758, 0.1020330722647512, 179.32491968619252, 88.28565478680456, 0.005577721522831599, 179.93211050627988)",116,58,33.33,"(59.713664876864996, 0.1541274417352091, 0.02998588003530908, 179.3048486566554, 84.22303206650147, 5.36732647180904e-05, 179.94813435084387)",0.4464285714285714,0.5178571428571429,0.6451612903225806,1.1120068074364229,0,no_exog
arima,India,NA,14,new_cases,1928.6761867697048,4283.221939440854,81.55020917903435,1928.6761867697048,296.0892735081842,77.5547736363127,2165.784382611734,3376.5197056499574,12.439427601368264,24414.65979656869,2232.0381126213333,348.968897367981,86.88104893310195,2683.960161351698,3655.6799704450696,15.767597304551401,25702.98020818022,81.55020917903437,72.84307538144866,42.98666034829958,104.04052726686935,50.92077845789803,12.1439141329706,200,67,26,27.96,"(50.63695021272661, 12.774859996065576, 0.7139699953313015, 83.06299108677342, 69.59747838918777, 0.037158215347172875, 179.50861993048738)",120,54,31.03,"(53.450584658538176, 10.281262463397631, 0.7116290197597208, 135.22367342716936, 71.3470625695315, 0.03104967975420302, 179.50861993048738)",0.6033057851239669,0.3305785123966942,4.604166666666667,3.3373424472069204,5,death_all
arima,India,NA,14,new_cases,1871.2231546148178,4257.629274589662,75.93862604641937,1871.2231546148178,189.89314556671283,69.42988786200122,2156.903011353049,3377.6009953411126,12.457880686417147,24709.378192285134,2176.8426039393144,345.1091387729798,78.7778543625239,2580.815358287819,3659.065907785427,15.894128734521967,26012.970532958883,75.93862604641937,66.63793468083784,36.640191482794506,96.6729990235227,48.537052107460326,12.141068422481256,200,67,26,27.96,"(50.89589223218537, 12.679314318502266, 0.681525134053364, 77.46944798510124, 68.49597966059866, 0.038413941992230916, 179.53394113791413)",125,49,28.16,"(48.16861611650908, 7.478963186880113, 0.7141817155489921, 76.80727095210544, 67.83543040269201, 0.013206044891076331, 179.53394113791413)",0.6033057851239669,0.33884297520661155,4.479166666666667,3.261572413718432,4,death_mobility
arima,India,NA,14,new_cases,1542.1623921723522,3600.899188219463,100.15717609145483,1542.1623921723524,715.3023308276537,141.6011193009292,1538.9937665901266,2843.3139675198,22.054711118370324,24202.190982968994,1822.7442218373048,750.8919410745146,319.6268311498146,1869.8231654816802,3105.4916624390266,32.79497499081323,25586.34680244893,100.1571760914548,87.93884760319696,52.53081966318083,133.41208294625636,53.02995375249612,25.059390502150485,200,67,26,27.96,"(50.55305099153548, 10.332027232064044, 0.5209946979886207, 117.35674494543719, 68.14608474213058, 0.003102025299611609, 179.48886246960092)",121,53,30.46,"(55.48354042375399, 9.987298657531715, 0.6606845404054402, 143.6805427090207, 72.04124696583504, 0.003102025299611609, 179.48886246960092)",0.5950413223140496,0.39669421487603307,2.3877551020408165,1.9128548312514926,2,death_recovered
arima,India,NA,14,new_cases,1642.5055732798382,3588.503615839639,104.49577072377963,1642.5055732798382,578.7953089411678,187.24596755556536,1946.8173099398937,2793.6348240318753,50.917474946008284,23374.422591051436,1903.0649721983261,680.4943170531203,285.67524845368644,2244.1225058978534,3042.318509375037,59.35946707018821,24649.858424214246,104.49577072377963,99.29213788940875,65.20733729252537,132.06085638734487,45.87685453169899,27.693482731740403,200,54,39,41.94,"(72.57902960894835, 21.21437462530096, 0.7126387767850298, 155.88976157541163, 77.26007388405156, 0.024899461948607052, 179.48465951790888)",106,68,39.08,"(68.5365747360283, 10.074200256274736, 0.836822930879639, 159.57819713604096, 77.7063905022838, 0.003317203218149016, 179.48465951790888)",0.5454545454545454,0.4462809917355372,2.8727272727272726,2.099863712107909,3,death_stringency
arima,India,NA,14,new_cases,1549.343475817461,3442.2259605595723,99.10862562879471,1549.343475817461,547.3015259120115,170.1871082004702,1820.03194256273,2652.763732053928,21.142806895298378,19578.902151888953,1822.5740425087304,599.3316056846693,309.2977896452281,2120.0504246987052,2920.127295705388,24.489751913442316,20701.454931787932,99.1086256287947,91.05785298527815,55.903655091703506,131.34775443854224,50.38159382964637,22.48945628199807,200,71,22,23.66,"(46.52536412893028, 10.953470558392874, 0.757892106098773, 58.017866482932654, 68.20216755979062, 0.0014696667869823364, 179.47211028697566)",125,49,28.16,"(52.55976466680816, 10.056630684146114, 0.8083173383554458, 127.63024185695247, 72.11388098504095, 0.0014696667869823364, 179.47211028697566)",0.5537190082644627,0.4380165289256198,2.425925925925926,1.958068473101209,2,no_exog
arima,India,NA,28,new_cases,2469.5337020481693,5119.44346876596,99.70758432434236,2469.5337020481693,847.0072359208095,100.33640399453412,2972.70091566719,4083.6739454571816,13.520558731784883,33278.482386405805,2754.4336995912363,1062.1750424315226,235.56297002115124,3772.129925616798,4315.297953148377,17.258169148879453,34961.543097523434,99.70758432434232,89.08944245378822,56.68854709928574,147.5728716134064,54.222514693091384,12.458731562424285,200,86,62,41.89,"(65.23298626770125, 29.92756775852194, 0.951771957080896, 131.0673277275806, 71.0014631515793, 0.02058111197369231, 179.54074409577484)",100,74,42.53,"(68.0536584262326, 35.34797658803093, 1.2425391969076442, 143.8116283930833, 71.68828690143421, 0.02058111197369231, 179.54074409577484)",0.5478260869565217,0.36086956521739133,8.807692307692308,6.284635175015893,7,death_all
arima,India,NA,28,new_cases,2435.3899897369038,5116.236183943443,95.48685625856783,2435.389989736904,686.9319909960451,89.39802740298984,2949.6322258433656,4103.111746092432,13.7869854364102,33638.37971435625,2718.6638413716173,923.2393232419698,192.8477225685727,3475.3646486338043,4334.136546938812,17.465699089110338,35334.454200061955,95.48685625856783,83.42925130593636,45.474099353305235,141.62831115829653,54.64382382070304,12.752068624633479,200,91,57,38.51,"(61.40897230081459, 21.73356292541827, 0.7948271002242199, 121.81135971345074, 69.94324580652118, 0.008007894215791456, 179.53520609670886)",106,68,39.08,"(63.76943222124845, 24.191706957574958, 1.0900297081549644, 133.2865697943713, 70.60727765425376, 0.008007894215791456, 179.53520609670886)",0.5739130434782609,0.3391304347826087,8.448979591836734,6.662903068374048,7,death_mobility
arima,India,NA,28,new_cases,1997.4598180516953,4366.987511011554,113.86087161252301,1997.459818051695,912.9881085603533,294.91033453546726,2223.9494756812837,3508.8708671575164,35.41346479860385,34419.95002186244,2254.0375011940273,1148.6702885390218,346.8485352248862,2548.2417513423925,3740.3067874897456,43.740254148317426,36423.813722443345,113.86087161252304,110.37681507664388,69.78054059942673,157.95447566704837,52.401549721576814,23.970138880925578,200,77,71,47.97,"(76.65927915027034, 65.0013532121474, 0.9651624504454615, 160.06106942136427, 75.48942525777599, 0.051820384289369484, 179.37094417144698)",96,78,44.83,"(71.95457000193164, 18.096814688421304, 1.0482249524407348, 156.7812907415145, 75.00240217032814, 0.051820384289369484, 179.37094417144698)",0.6260869565217391,0.29130434782608694,9.44186046511628,5.932174784547283,9,death_recovered
arima,India,NA,28,new_cases,2195.1178702381308,4505.636232746469,119.63688114469957,2195.1178702381308,1021.8967592023903,280.8887203070901,2820.0623061470437,3532.155867330207,64.7587737055298,34385.98527152333,2456.2403599492486,1220.647173315871,335.83120723910264,3194.8430046510325,3777.2531231033727,78.80264740242313,36656.13436265366,119.63688114469956,114.38500822962428,80.12240677980513,163.15510811016912,46.777537909095145,28.017882643486498,200,77,71,47.97,"(80.47269961692994, 45.9481191574, 1.1009674089592572, 164.7978501230712, 77.4148203326459, 0.011408416087659225, 179.37594185062798)",95,79,45.4,"(76.4694361368199, 31.0357478624444, 1.2424499960119966, 161.6046520545833, 77.27969486821031, 0.011408416087659225, 179.37594185062798)",0.5652173913043479,0.3521739130434783,8.18,5.76541412215983,7,death_stringency
arima,India,NA,28,new_cases,2059.275689666115,4274.735468011895,117.06205703913727,2059.2756896661144,949.8561316434875,244.03873197964114,2496.733715757955,3355.163589665823,26.528608104498435,28890.31147660575,2312.2980797733985,1139.6330305300621,321.0461072153116,2951.752612581747,3595.3638079831544,31.346487504418892,30819.641288612886,117.06205703913727,120.38658328795178,70.41774530774707,163.26205711356974,51.930344080930595,23.14057688710581,200,73,75,50.68,"(83.55057423407042, 86.90828646266564, 0.9473236155446898, 161.30603095426721, 75.94516200829972, 0.003175389324605223, 179.36537727635863)",95,79,45.4,"(75.82200997817185, 42.9205569556718, 1.1777720097000226, 156.43219590323065, 75.77788581424099, 0.003175389324605223, 179.36537727635863)",0.5913043478260869,0.32608695652173914,8.617021276595745,6.51071306234483,7,no_exog
arima,India,NA,7,new_cases,1611.12730666709,3270.059835515815,75.49974747812777,1611.1273066670901,221.41577332934898,58.877359546620546,2522.7020074150264,2265.3654325111465,15.674704823642609,9579.729343630202,1932.214450148565,480.4820087324738,61.59151542896006,2702.7263828377413,2638.1506110324326,18.56375853352351,9897.197065809902,75.49974747812779,68.45161882449332,33.150602612215195,96.26169261410374,51.45004781800658,12.234687301129174,200,37,10,21.28,"(32.65700936727747, 2.8608167157477324, 0.6169768900867909, 31.97261817280637, 58.255274031678724, 0.011447915600497743, 178.52604701757136)",150,24,13.79,"(26.61258812150661, 1.8074213919732063, 0.41840231672846095, 16.920455394236974, 54.678954471441315, 0.009444571931150052, 179.2996579153681)",0.6229508196721312,0.2459016393442623,2.0434782608695654,1.9182914005002476,2,death_all
arima,India,NA,7,new_cases,1586.7523599123963,3267.426654796758,69.13180794856119,1586.7523599123963,218.92384165827661,40.9778557203623,2649.599477758722,2271.2727877294797,15.65340307472989,9645.530809931897,1912.79355946132,480.4520663424166,47.61511135254767,2743.3650053634096,2649.018260291844,18.18822303593049,10112.184051496579,69.1318079485612,52.41243223215072,23.968388145464115,88.19411071101183,53.52002168740815,10.426401120886847,200,36,11,23.4,"(35.261534169110284, 2.0261820742361496, 0.6371778195247422, 37.33372952259876, 60.85636545636845, 0.017328235083812437, 178.496136219544)",148,26,14.94,"(27.400194766039586, 1.6151937457746088, 0.38055399470903506, 15.261605226104914, 55.851003999097934, 0.005315290504744432, 179.3057302831902)",0.5573770491803278,0.3442622950819672,1.5555555555555556,1.84668795692624,1,death_mobility
arima,India,NA,7,new_cases,1302.8573285018638,2672.166219698305,95.26299971572098,1302.8573285018635,563.1479988390777,209.85539962136016,1511.1854548805866,1733.1696603530083,22.22392426928536,8019.972472721333,1607.5717652048716,604.2062997527798,243.8014671538097,1755.5034783400686,2134.522271004176,26.641131891889643,9678.346146986449,95.26299971572095,86.65089985474292,60.86413407379781,121.45761737629198,49.177948861131114,22.497357381207753,200,40,7,14.89,"(24.847163557710644, 1.2430044037566332, 0.44950758352790643, 21.73760223183637, 46.231248975184634, 0.009411569258893764, 172.3910807761254)",152,22,12.64,"(22.60152305416069, 1.2366194751839399, 0.31970908734996306, 10.704053757286498, 47.64464499355953, 0.0013561360425644712, 175.98351484717276)",0.639344262295082,0.32786885245901637,1.5,1.3363062095621219,1,death_recovered
arima,India,NA,7,new_cases,1340.013976144336,2694.8150571092,96.32679376859998,1340.013976144336,464.8928925084118,179.8157381719466,1672.2790458001998,1783.9705305109137,58.25398965604946,7532.004589124403,1610.3097260938275,501.01531640124085,190.69939442430962,1838.560128207545,2160.7708758843646,68.42149974577828,9255.063385035954,96.32679376859998,90.0259458930064,68.37992143732184,121.00882746040058,40.44094858193106,33.31107128531849,200,36,11,23.4,"(36.51441240469133, 0.7968701105868302, 0.37236782325605244, 46.60039376051479, 58.39706135361037, 0.013439300365486634, 175.49207641735052)",142,32,18.39,"(29.897994719006785, 0.9430835013736352, 0.23838985178363345, 15.189501248064733, 55.68862914307451, 0.0006141526002336352, 177.71281213366115)",0.7049180327868853,0.29508196721311475,1.6111111111111112,1.1950332945836273,1.5,death_stringency
arima,India,NA,7,new_cases,1270.9766030091,2695.6632095253312,79.14604866088743,1270.9766030091,347.7605263631267,143.9952682197573,1540.2973976614433,1749.1595916725123,11.84692736187642,8122.744492509421,1575.1535423457437,470.54765584855045,173.81561331290214,1702.9478867768419,2187.576617452304,14.936959038900087,9838.249214559193,79.14604866088743,71.58176546537956,44.71397989676192,100.97354015937934,41.441049453813925,11.923251211567134,198.54886966531745,40,7,14.89,"(32.20405946627346, 6.584824576523497, 0.48218096267540334, 17.4682093400309, 58.43849144540722, 0.007473527529298697, 175.9110582695673)",153,21,12.07,"(23.319399809147573, 1.2379825623087404, 0.26027688742151955, 12.238779190968712, 50.82290697954195, 0.0015412931119565868, 178.3802278219694)",0.7049180327868853,0.26229508196721313,1.6111111111111112,1.3345582608616182,1,no_exog
arima,United Kingdom,NA,14,new_cases,7849.955250405752,11602.920437128249,178.0228714455277,7849.95525040575,7051.558826023514,6466.930595956124,8764.31447485616,2499.3336251038645,3500.9988058348367,13110.068861105226,10754.200426998907,9916.534824860491,7843.922922263991,11807.981722772707,4356.022939134382,4690.148033658434,19353.178412785157,178.0228714455277,177.37344527093637,174.95812618148773,180.52772093616537,6.078039519953921,160.82576416102822,192.6677709428712,50,33,39.76,"(69.35119491177377, 2.3793903436644883, 0.38732528293511853, 176.19349196901396, 83.38465064393107, 0.022582047089622064, 179.2838712063032)",118,56,32.18,"(56.23859995294263, 1.0217595750442556, 0.24129859638023665, 171.4986154088439, 79.7304421845013, 0.0010443501895702402, 179.2838712063032)",0.6804123711340206,0.27835051546391754,4.903225806451613,3.4675143711278977,7,death_all
arima,United Kingdom,NA,14,new_cases,7767.819113790953,11594.951922959835,177.19289845091672,7767.819113790952,7147.130983393106,6334.37292662937,8325.245598196014,2465.9379374750365,3521.121783503722,13019.664811249935,10737.412255842364,9818.679218155274,7782.8090211456265,11675.722880638163,4376.172773535821,4738.166204666729,19306.288609978637,177.19289845091674,177.17680695027383,174.77521358323878,180.4120711299741,7.061172687085673,157.7103506914881,192.60441135733817,53,30,36.14,"(66.05353473747071, 2.2900240520235178, 0.3800821731479317, 176.82869900323385, 82.98238118964574, 0.004865149817285418, 179.10923648071307)",124,50,28.74,"(52.3671236851202, 1.2174136278872028, 0.2109538434436837, 172.6115722327781, 78.80417561376638, 0.004865149817285418, 179.10923648071307)",0.7216494845360825,0.20618556701030927,5.555555555555555,3.4343662872314296,7,death_mobility
arima,United Kingdom,NA,14,new_cases,8237.26208838914,12110.775931391627,178.3797196685615,8237.262088389138,8527.753381322203,6201.047171479641,10020.874644074638,2704.115169989113,3501.2320926827274,13914.907647771266,11228.762422492906,11180.08660486688,7624.81969407926,12411.45371097861,4537.1563913519585,4567.623680998808,19282.078509766896,178.37971966856156,178.4749141344425,174.96962387138154,181.7591184379348,6.741308577483261,161.29322388544156,192.36958114341323,52,31,37.35,"(66.71316438374726, 2.2206894537923474, 0.5254813605973285, 177.1461244036734, 83.6384114520694, 0.014314848754681843, 179.1233959942457)",123,51,29.31,"(52.86551481563393, 1.1302367933658517, 0.20556848825692453, 171.82352325594655, 79.00578376813408, 0.002573682773404023, 179.1233959942457)",0.5773195876288659,0.32989690721649484,4.951219512195122,3.8272132127188514,7,death_recovered
arima,United Kingdom,NA,14,new_cases,8269.161889674018,12120.21595923953,178.94753135281226,8269.161889674018,8557.960413328961,6273.157806762132,10127.901498054662,2690.834513588155,3495.829902663397,13836.781285080675,11246.322980358938,11227.726546081516,7655.433287417076,12469.162205676594,4518.833291907885,4566.356190578168,19305.352729583767,178.94753135281223,179.17691301424185,174.56675486652082,183.1364194230616,6.270385229949044,165.31007586783372,192.32120945620287,53,30,36.14,"(64.2803999001244, 2.0675708221863207, 0.4975625326353121, 176.93760849524824, 82.91508084094053, 0.019511829468643303, 179.1404813601256)",123,51,29.31,"(51.89697384682358, 1.0529853616014155, 0.20569376157915595, 172.22613008098887, 78.55704041443514, 0.0027655037889517155, 179.1404813601256)",0.5463917525773196,0.36082474226804123,4.931818181818182,3.7934933723644964,7,death_stringency
arima,United Kingdom,NA,14,new_cases,8183.761826546463,12150.674380547553,178.13255804227327,8183.761826546464,8528.17530459951,6066.795194892924,9872.055408620492,2610.0971549692813,3584.7672029955934,13647.235222163234,11278.372806362351,11228.940985217883,7703.153404398149,12417.8304449404,4520.751568356848,4764.902037942847,19415.119933681246,178.1325580422732,178.0585592799805,174.304542400815,181.47235084795594,6.429659682053582,159.4213908898314,192.2575071965751,53,30,36.14,"(64.94013807840633, 1.7536501325713503, 0.5297896973119728, 176.620775454806, 83.4213859552612, 0.004019107428537432, 178.91511317700713)",123,51,29.31,"(52.85893480064145, 1.0093862983532227, 0.2260722311677704, 173.70641030889146, 79.3048388276866, 0.004019107428537432, 178.91511317700713)",0.6391752577319587,0.27835051546391754,5.371428571428571,3.765834914735644,7,no_exog
arima,United Kingdom,NA,28,new_cases,7920.081774103441,12231.627395781627,180.11498626425043,7920.081774103441,7674.41879243839,6800.553992658698,9620.172754080268,2075.470236825558,3964.1694896757786,11573.141458440587,11699.491543488366,10760.925949192584,8555.700593372614,15144.385546668178,3568.55802433977,5628.816176016167,17715.558495228255,180.1149862642504,180.23471726560425,176.02880999588595,184.3720419558473,6.015586717333529,164.01846600158055,192.73846142194085,96,57,37.25,"(65.39469885567694, 2.27870395542693, 0.4874911241622914, 173.57716844352333, 82.16587135348665, 0.01734824633870502, 178.57599657981692)",115,59,33.91,"(59.39134462270742, 1.5425742122700923, 0.4488891988731385, 172.07100310612628, 80.32009878608439, 0.01734824633870502, 178.57599657981692)",0.5412371134020619,0.36082474226804123,9.651685393258427,7.3810277733393574,8,death_all
arima,United Kingdom,NA,28,new_cases,7874.646958858348,12236.01626296501,179.3260436462641,7874.646958858347,7629.200940820621,6662.093998387975,9427.51887861404,2015.265521889157,4039.2504703808168,11538.835549045501,11705.358314862668,11115.174335282769,8466.979079786433,15122.15440360213,3564.3625949417064,5671.670530887664,17820.827644961944,179.3260436462641,179.15435657196969,174.7292279987749,184.59614128256428,6.405529861661452,160.6513949788728,192.0025652179944,104,49,32.03,"(57.31254466256367, 3.4233880010409656, 0.5325478966529934, 171.23868706041898, 78.22829066862037, 9.479378306471378e-05, 178.58089658906036)",121,53,30.46,"(54.39774711281501, 2.533959540807343, 0.624783606393583, 165.3825903759777, 77.16592116919121, 9.479378306471378e-05, 178.58089658906036)",0.5618556701030928,0.34536082474226804,10.188235294117646,6.927333915877942,8,death_mobility
arima,United Kingdom,NA,28,new_cases,8037.845206114288,12530.449734587704,179.65876310026871,8037.845206114287,8103.177240335195,6377.457344744293,9999.694852893545,2258.5758193584734,3925.104351834484,12368.191406717031,11968.966628763495,11902.97404561075,8330.845338652887,15205.093835748638,3708.9093262810966,5482.228394369825,18107.202503997465,179.65876310026874,179.61977703460133,175.2405726013539,184.33720238320115,5.870039623988836,164.91831073308182,192.32115554258752,99,54,35.29,"(63.335390474564704, 2.553070162131467, 0.5819910801054844, 173.79246495178228, 81.60001592247474, 0.0012201530452374005, 177.916034486364)",120,54,31.03,"(55.819171769692375, 1.8215165500606856, 0.5138148943089169, 172.85080660347614, 79.16254111194026, 0.0012201530452374005, 177.916034486364)",0.4587628865979382,0.4020618556701031,9.866666666666667,8.039645355107242,8,death_recovered
arima,United Kingdom,NA,28,new_cases,8044.342181498129,12529.168926530325,180.07561840005596,8044.342181498129,8106.065588086652,6486.823763327771,9990.935195824166,2261.8909612597363,3913.525023408168,12284.241668557166,11969.866757945187,11867.518706206032,8421.548641834603,15180.95547448593,3701.67040490801,5475.451975364811,18084.85745110348,180.07561840005593,179.7796868768997,176.0606174655948,184.92304943117728,5.755815771035947,167.4048047308729,192.22695741420122,98,55,35.95,"(64.20056550826556, 2.1917232499865733, 0.5377532298062395, 174.24652403337092, 82.23159491886594, 0.0038304485162418012, 177.92124401478168)",119,55,31.61,"(56.55276582497388, 1.543354372677923, 0.47617626084699816, 173.5635663701798, 79.82598471380766, 0.0038304485162418012, 177.92124401478168)",0.4329896907216495,0.44329896907216493,8.972727272727273,7.830145335814867,7,death_stringency
arima,United Kingdom,NA,28,new_cases,8050.8845572901355,12608.121807572938,179.06582062461848,8050.884557290136,7766.850808306635,6372.137075842493,9930.293871520853,2147.0392675471944,4104.938272024233,12143.44351490656,12047.647439362334,12066.300307439655,8379.757390779152,15244.479676204957,3717.381698376222,5667.8471910924645,18333.90795322343,179.06582062461848,178.59481740393494,174.954849266717,184.02362501332146,6.140814213378183,161.17167311282543,190.48165921966606,109,44,28.76,"(52.64737324705795, 4.1564420036364425, 1.0811499161361253, 148.92587005598952, 73.64679962687104, 0.04646568664595126, 177.25517777859795)",124,50,28.74,"(52.27342610133435, 3.7346935299741064, 1.057608989779186, 147.40933505812126, 73.71233482446259, 0.04646568664595126, 177.25517777859795)",0.5,0.32989690721649484,12.371134020618557,7.727547567562087,14,no_exog
arima,United Kingdom,NA,7,new_cases,7134.652115388438,9690.056126430507,179.89071011124094,7134.65211538844,6601.133446173971,4955.199204161627,8286.691050113219,2830.0026429852046,3161.881883735078,13475.159269706832,8816.398664999344,7822.120390831668,6750.199099697621,9379.232127545609,4020.982754647325,4418.819837063998,18190.349497264127,179.89071011124096,178.8339894491392,175.34226891687135,180.4703883963746,8.68265600664903,156.03929929563628,199.2862703026324,26,16,38.1,"(69.11653690540102, 1.3246683398110464, 0.4179756227425488, 175.7962176083177, 84.1520002746633, 0.01937249973377574, 179.29112165598644)",116,58,33.33,"(60.16832849445661, 0.8464580378230726, 0.1547173763926633, 176.49653635589706, 82.82436950858649, 0.0030990304870217224, 179.51541125358423)",0.6734693877551021,0.2857142857142857,1.0625,1.7308475765743594,0,death_all
arima,United Kingdom,NA,7,new_cases,7053.157888823833,9675.18140368803,178.73217312088997,7053.157888823832,6440.234048425882,5270.650096848891,7980.72974563777,2794.238023908585,3185.8810820726576,13474.170524056752,8780.886246898644,7750.334494007127,6845.691529442411,9362.185167408734,4062.6557709578206,4424.6194948188695,18310.540658674734,178.73217312088997,178.8137727431197,175.90235000824296,180.31250416940617,9.508464123938268,149.79354125425905,199.2535507625691,25,17,40.48,"(72.77052908275752, 1.4487021715585962, 0.34994037324639315, 176.0811088131412, 84.70036043708483, 0.017480217484949635, 179.28899756604014)",116,58,33.33,"(60.16765597238579, 0.7734218820093236, 0.14603613749424638, 176.84985040608473, 82.8263823632022, 0.004568125675184614, 179.43045367277077)",0.6326530612244898,0.30612244897959184,1.0555555555555556,1.7977836754712313,0,death_mobility
arima,United Kingdom,NA,7,new_cases,7489.610495504248,10360.192211988227,180.0277107711154,7489.610495504248,6684.84240656625,5516.382490539088,8744.558847477527,2894.365917068017,3231.5471001297456,14454.872788356766,9380.989668967142,7850.518832577694,6755.8273724855935,10416.279847399877,4396.659584283647,4348.838479143879,19132.412965111802,180.02771077111538,179.03372473927632,176.78023287305805,180.68807467591716,8.763418292715532,157.30079297345182,199.39079320972746,24,18,42.86,"(77.0756670573828, 5.115244266934953, 0.6151070002643344, 176.70905530751008, 85.05513953475037, 0.017748539751093213, 179.30337962943386)",118,56,32.18,"(58.003013679793646, 0.8169297140990566, 0.12521735577678927, 175.82032180213608, 81.73904387179107, 0.004150945524476156, 179.37549927398152)",0.6122448979591837,0.32653061224489793,0.9473684210526315,1.6149882768933415,0,death_recovered
arima,United Kingdom,NA,7,new_cases,7520.870017158272,10359.739832972467,180.49538044557056,7520.870017158274,6715.924646217669,5495.4427030296965,8817.744901714965,2880.5629929293223,3231.5631816076198,14386.75843330686,9388.292251704619,7912.11590193269,6766.293027473796,10398.284057047053,4379.974657855844,4348.504219879112,19112.990134203676,180.4953804455706,179.34352660066835,177.44870793750772,180.90195563488695,8.285176097998047,157.49459297960163,199.39191846110853,24,18,42.86,"(77.2824419304608, 4.6176350169692455, 0.5700222305983629, 176.67572170661253, 85.30835332427944, 0.019086107209989486, 179.30561347672003)",118,56,32.18,"(58.19502738197617, 0.6971039236289029, 0.12772287172452534, 175.82599700606414, 81.84286213571542, 0.003795489022961212, 179.36732946611133)",0.5510204081632653,0.3877551020408163,0.8636363636363636,1.5521246435421703,0,death_stringency
arima,United Kingdom,NA,7,new_cases,7419.942715488564,10358.192753320742,180.46078516072535,7419.942715488564,6586.991379749184,5495.885266924961,8749.491614080402,2858.947685309521,3272.0951764975894,14220.868373662377,9363.167627514618,7672.220970490678,6729.244003799193,10454.857648003263,4429.81366357645,4388.155455997093,19205.19729460856,180.46078516072532,178.92090369123775,176.9210460845707,180.8646762811358,7.842567708479121,165.0863367341447,199.32279996543448,24,18,42.86,"(78.9445088216115, 5.9256174436895925, 0.6170669671970512, 176.87259973076056, 85.54538405884743, 0.016834773238203357, 179.3060817554296)",115,59,33.91,"(60.50843355944342, 0.7574322078662311, 0.12493903714787896, 175.76153347737576, 82.6218206746604, 0.0014468533079517439, 179.37869366185936)",0.6734693877551021,0.2653061224489796,0.9375,1.7308475765743594,0,no_exog
arima,US,NA,14,new_cases,15752.083971414882,21525.914189396004,49.46661600623551,15752.08397141488,13316.509900403536,9398.775333179748,23474.235818026646,7593.47384274002,5729.198740348197,33768.63721708499,19342.476492717506,15518.668089761784,11119.067995425934,28980.840031796128,9446.352990329686,6706.984054226275,43284.5836712125,49.46661600623551,50.50020729052527,39.93341506047138,55.80950517763716,10.99136669070205,29.962154424038562,78.08749461617545,75,51,40.48,"(72.59026851584422, 0.38400056768555846, 0.05972333656930153, 179.5055626071264, 87.73872811479275, 0.002972723636925396, 179.8894921082464)",110,64,36.78,"(65.99455640178081, 0.23172345846947273, 0.04741577803869034, 179.34824897465492, 86.26830977736118, 0.00039630271999437083, 179.8894921082464)",0.4206349206349206,0.5555555555555556,1.7123287671232876,2.4522067842319464,1,death_all
arima,US,NA,14,new_cases,15767.91955630187,21520.910890297226,49.51987088033815,15767.91955630187,13361.899429853773,9463.76264631656,23849.556809601607,7594.98486304243,5690.13077591227,33704.81239885098,19342.37744880009,15515.627378040877,11127.15601624117,28713.84498149185,9435.14918675182,6707.998300187081,43240.96846624274,49.51987088033815,50.72535073794191,40.26493625813504,56.11640307307596,10.968773643751097,30.049021556848526,78.37497591440854,75,51,40.48,"(72.60327815785892, 0.3866617211294851, 0.055303577597228905, 179.50530649265735, 87.75928500475757, 0.002520473480528538, 179.88930753526728)",110,64,36.78,"(66.00621883990887, 0.231717617269799, 0.04795773010567127, 179.36421928804006, 86.2868506907564, 0.0003981590135878044, 179.88930753526728)",0.4285714285714286,0.5476190476190477,1.7777777777777777,2.4850098320559435,1,death_mobility
arima,US,NA,14,new_cases,15755.326167959774,21523.532596621742,49.46440580013199,15755.326167959773,13213.035126352916,9301.851449505015,23703.566020571216,7615.194616562445,5518.414674180247,33770.294872236176,19337.40873834949,15415.499645358363,11157.21787579644,29043.01547258878,9451.300372109834,6724.053350065888,43349.85264257039,49.464405800131985,50.62785087082922,40.12014682805656,56.07079963504741,10.994926703218116,29.07341282209431,78.68063882055363,76,50,39.68,"(71.86934274301194, 0.3849576071562945, 0.05918033556511482, 179.50735039853905, 87.38660339330266, 0.002491518561912555, 179.8894877091458)",111,63,36.21,"(65.47348142966626, 0.2317982851526786, 0.047941279054151124, 179.35054309213342, 85.97061069336416, 0.0004000302743796357, 179.8894877091458)",0.4285714285714286,0.5476190476190477,1.7222222222222223,2.4793355665036962,1,death_recovered
arima,US,NA,14,new_cases,15751.782121010325,21498.319514354054,49.4843031682716,15751.782121010327,13547.080323955297,9427.796313165858,23451.608511242288,7571.030355665642,5731.842899833494,33733.976066001494,19331.39753901143,15721.254953571919,11108.884401029112,29273.93086332855,9406.10499250138,6706.922454855737,43239.07506334383,49.48430316827161,50.7298193889504,39.88959064639682,55.997750640084526,10.960629546054792,30.65818042081957,77.94215275073516,75,51,40.48,"(72.46862081717849, 0.38386854114995994, 0.059307629464135855, 179.50516810544633, 87.63455388871986, 0.001952857627853814, 179.88935992967924)",110,64,36.78,"(65.90830043491668, 0.2318536399032412, 0.048018038037862996, 179.381985011554, 86.18746473817856, 0.0003954737580907298, 179.88935992967924)",0.4285714285714286,0.5476190476190477,1.6944444444444444,2.4703246572794972,1,death_stringency
arima,US,NA,14,new_cases,27361.52060815511,35139.83594219776,68.82080139816745,27361.520608155108,23923.177996121696,21511.606406615858,34656.03077169042,9528.30341500793,12507.34367973254,61766.289277387164,33069.91943343385,29023.58279012439,25135.828854584186,42245.19927360301,11882.27666361829,15614.825453048354,73587.9111651508,68.82080139816745,69.45119589755032,58.90467067071576,75.85432705352895,10.889236391801452,48.3042387420252,108.59189589617479,90,36,28.57,"(51.637114622152076, 0.2897882587783954, 0.04558758278793491, 178.29185398673266, 80.6722276422694, 0.0010903854169158483, 179.82003786779296)",129,45,25.86,"(46.812037002392756, 0.20382475242427606, 0.03972307196885752, 174.753646037612, 78.12604512584808, 0.00013973448572883113, 179.82003786779296)",0.5714285714285714,0.31746031746031744,4.833333333333333,3.237457656166595,5,no_exog
arima,US,NA,28,new_cases,18852.676668864744,24534.63440723616,56.040159810510495,18852.676668864744,18504.867476482963,11469.404888346284,25883.38141623375,8156.173912893154,6737.505372232104,41188.19429068873,22681.70153062204,22115.029421880376,14267.69595683822,30867.247271115823,9353.539499703535,8225.753938010073,42777.921999376056,56.04015981051048,57.2367592221009,48.02859701023842,63.340110188144486,11.228294494388381,34.277092475877694,87.22902143081572,128,46,26.44,"(48.01006147969177, 0.18516668461670793, 0.07074081440632944, 176.5756428475484, 78.73190489989135, 0.0017398573486012258, 179.83531165710968)",128,46,26.44,"(48.01006147969177, 0.18516668461670793, 0.07074081440632944, 176.5756428475484, 78.73190489989135, 0.0017398573486012258, 179.83531165710968)",0.27952755905511806,0.6889763779527559,3.759562841530055,5.990569862740098,1,death_all
arima,US,NA,28,new_cases,18860.0079696469,24536.33502620577,56.06057327245056,18860.007969646897,18405.458146837947,11528.084331437498,25899.883577692428,8160.259502280662,6782.873631619544,40616.049215150895,22680.328566654916,22125.455597609045,14346.831921179604,30945.593432087102,9361.32643522215,8397.058280131243,42287.80443641985,56.06057327245056,57.353258974399836,47.64340715377194,63.24475140829533,11.230723437100487,34.3493803175681,86.68488965000518,127,47,27.01,"(48.09118284548106, 0.18548176907977623, 0.0705627932119681, 176.56360023490348, 78.79803624572206, 0.0026736341552734966, 179.83588405748023)",127,47,27.01,"(48.09118284548106, 0.18548176907977623, 0.0705627932119681, 176.56360023490348, 78.79803624572206, 0.0026736341552734966, 179.83588405748023)",0.2755905511811023,0.6929133858267716,3.7282608695652173,5.985598857274773,1,death_mobility
arima,US,NA,28,new_cases,18838.29348409286,24521.799878709582,56.00245170548076,18838.293484092857,18364.1263080855,11383.195755952454,25895.38224357272,8168.627273383252,6737.433644739397,41144.1516876327,22664.722007457243,22253.460790263474,14305.531707039849,30971.46435728225,9361.038703913402,8225.614517856788,42746.406918675355,56.00245170548077,56.9020853672851,47.83167585592427,63.3267025995246,11.267104980290467,33.76539536029381,87.16734178305006,127,47,27.01,"(48.37296140399055, 0.18541487991763111, 0.07022156080355926, 176.65050171018243, 79.06514898368137, 0.0019209599230931107, 179.83376498244536)",127,47,27.01,"(48.37296140399055, 0.18541487991763111, 0.07022156080355926, 176.65050171018243, 79.06514898368137, 0.0019209599230931107, 179.83376498244536)",0.26771653543307083,0.7007874015748031,3.6774193548387095,5.944175055300424,1,death_recovered
arima,US,NA,28,new_cases,18840.789821560575,24518.19020741459,56.00619348519616,18840.789821560575,18463.197498650956,11305.958953630015,25899.874753801287,8162.729028989763,6813.584574264744,40609.56635744099,22661.45914092049,22189.356712839493,14216.042752333677,30764.713249782893,9359.482926495033,8347.379758665778,42295.155946411876,56.00619348519616,57.605637246749275,48.0232972341843,63.271318126345236,11.261223780942178,34.211358667486245,86.69749966098662,128,46,26.44,"(47.65661114660338, 0.18537166068196975, 0.07118916768945625, 177.10423860248952, 78.72678651933063, 0.0013153844072204518, 179.8394587337859)",128,46,26.44,"(47.65661114660338, 0.18537166068196975, 0.07118916768945625, 177.10423860248952, 78.72678651933063, 0.0013153844072204518, 179.8394587337859)",0.2755905511811023,0.6968503937007874,3.6467391304347827,5.805611588854894,1,death_stringency
arima,US,NA,28,new_cases,31330.382578077464,39439.74178074555,75.14916750954986,31330.382578077468,28924.287091058413,24126.741488004653,38513.151123489166,9759.20586219502,16085.390597959533,62432.67015550631,37704.60127012691,33837.360529535625,28936.572146314764,45970.909103540565,11569.627253832821,19709.68459357118,73256.72563092882,75.14916750954986,78.80086868211511,63.51958413466307,84.60315550871385,11.625319705846968,55.0419726803151,101.86469875682663,137,37,21.26,"(39.01636330285827, 0.31312139570313746, 0.14082436548437888, 2.2829083850581458, 72.43766608198584, 0.0028250016072051483, 179.87029258059235)",137,37,21.26,"(39.01636330285827, 0.31312139570313746, 0.14082436548437888, 2.2829083850581458, 72.43766608198584, 0.0028250016072051483, 179.87029258059235)",0.4330708661417323,0.46062992125984253,8.11111111111111,6.459244051886701,5,no_exog
arima,US,NA,7,new_cases,15327.49424166641,21724.49892959938,46.50940285781029,15327.494241666413,11741.770879040921,7311.094110252705,23458.600258329567,9488.378053020617,3908.7623893255814,40207.95380278095,18419.38479071444,14861.517943348013,8023.2557417718945,28003.593275532556,11518.685587937627,5089.296518357047,51025.79751075798,46.50940285781028,45.78963385165542,36.55148806047501,53.81813052935664,12.001500874340726,23.162198720439573,79.93561237082244,42,21,33.33,"(60.36626876799876, 0.29341273981187743, 0.07807893122115936, 179.05902158266355, 84.27853575945899, 0.00488745430601058, 179.90618287078115)",112,62,35.63,"(64.27979468923024, 0.21760644984152944, 0.0479546498347091, 179.6598471168745, 85.83377312402126, 0.003862096646171577, 179.9413921625021)",0.5079365079365079,0.4444444444444444,1.064516129032258,1.6111172908051055,0,death_all
arima,US,NA,7,new_cases,15341.979913012436,21682.876230968475,46.60772087143292,15341.979913012436,12255.835858216913,7257.2890714365985,24095.235486430072,9395.164866146491,3886.861740475281,40034.98855695274,18426.679752840497,14873.708063875416,8156.856573141071,27828.50279261241,11428.236737736737,5052.404613756248,51007.390536640814,46.60772087143292,45.597153298093964,37.06566642410973,54.31211776710688,11.831833275234045,23.74528377869001,79.28311625947275,42,21,33.33,"(60.365054110727755, 0.2935457919151943, 0.08322578151045548, 179.0568352429146, 84.27882646715862, 0.005437476395394894, 179.90618226844617)",112,62,35.63,"(64.28063180481061, 0.21775252502333553, 0.048553374580914105, 179.6607120403247, 85.83689551278964, 0.003950717461496649, 179.94188056390882)",0.5238095238095238,0.42857142857142855,1.0333333333333334,1.5862193902556445,0,death_mobility
arima,US,NA,7,new_cases,15347.521644203991,21718.828745370796,46.517136717225185,15347.521644203991,12040.63920629494,7366.8814855482315,23890.819227051164,9487.750899201088,3816.7112223853687,40020.11322002071,18418.058650573996,14870.567803568656,8009.936766333034,27758.869551892545,11510.110234691987,4880.312154280312,51001.907726539604,46.517136717225185,45.19924537496368,36.88806279714705,54.13397232797646,11.980381410126343,23.71974603407979,80.59088223640012,42,21,33.33,"(60.36569547912998, 0.2943645605388094, 0.0790134904488044, 179.052180238368, 84.27731559075674, 0.0042801239481439915, 179.90618122194823)",112,62,35.63,"(64.27145271781087, 0.22090410327825954, 0.04790222658927745, 179.66226315890302, 85.82392609340765, 0.0039252045617872485, 179.94121553741084)",0.5079365079365079,0.4444444444444444,1.096774193548387,1.5990588629915496,0,death_recovered
arima,US,NA,7,new_cases,15365.060729600651,21696.463851848803,46.645027702834426,15365.060729600653,12240.5880058043,7383.1274240880775,23826.29736309572,9396.50816973913,3935.2789622343776,40054.67156857223,18447.597737112945,15144.561362417468,8531.411585323545,27914.466551020898,11420.275014387656,5155.738740431585,50875.633328071424,46.645027702834426,45.18445749370992,37.282457615616714,54.35337442861237,11.761786623681765,24.864263650450404,78.77976140524704,42,21,33.33,"(60.36499377191223, 0.29568056545706634, 0.0830957005474835, 179.06023866090666, 84.27872330628992, 0.0058000330989184485, 179.90698533333776)",112,62,35.63,"(64.27837918473256, 0.21807475393174933, 0.04877118646501579, 179.66011961634456, 85.83434541232297, 0.0037329727807971368, 179.94184369717257)",0.5238095238095238,0.42857142857142855,1,1.5974116995724785,0,death_stringency
arima,US,NA,7,new_cases,25545.45700035094,33257.333169761456,65.42710545308643,25545.45700035094,20606.203369882023,18262.67440921864,31808.61446180728,11307.523955139497,11609.115391779038,58152.79883678263,30192.49476412428,24691.997835258277,20337.483113424234,37184.56589883093,13945.01593698778,14041.537983175931,67549.21245732097,65.42710545308643,63.213063350450035,56.72389983085462,72.98092861686166,10.946555263325076,47.562156974293075,91.62271352583808,46,17,26.98,"(49.029258781400216, 0.2665845059723929, 0.04900557343344497, 178.82471693841393, 79.33720017489806, 0.004024830236341156, 179.8609890934294)",129,45,25.86,"(46.80162760797709, 0.12874466551622, 0.02957343017864668, 178.21091488193883, 78.38359728596609, 0.0012841793829346305, 179.88600523668268)",0.5873015873015873,0.31746031746031744,2.230769230769231,1.6806592113261345,2,no_exog
